name,group,ticker,last,change_pct,asof,provider
KOSDAQ,국내지수,^KQ11,1220.26,0.39,2026-04-29 00:00:00,NaverFinance
KOSPI,국내지수,^KS11,6690.9,0.75,2026-04-29 00:00:00,NaverFinance
NASDAQ100 Futures,선물,NQ=F,27276.25,0.4,2026-04-29 04:00:00,YahooHTTP
S&P500 Futures,선물,ES=F,7181.25,0.14,2026-04-29 04:00:00,YahooHTTP
Gold,원자재,GC=F,4599.1,0.17,2026-04-29 04:00:00,YahooHTTP
WTI,원자재,CL=F,100.54,0.61,2026-04-29 04:00:00,YahooHTTP
NASDAQ,해외지수,^IXIC,24663.8,-0.9,2026-04-28 13:30:00,YahooHTTP
S&P 500,해외지수,^GSPC,7138.8,-0.49,2026-04-28 13:30:00,YahooHTTP
USD/KRW,환율,KRW=X,1477.58,0.31,2026-04-29 07:13:36,YahooHTTP
