name,name_key,symbol,market,current_price,day_change_pct,quote_asof,quote_provider
디비금융스팩12호,db금융스팩12호,477760,,2230.0,,2026-05-02,NaverFinance
디비금융스팩13호,db금융스팩13호,489730,,2055.0,,2026-05-02,NaverFinance
디비금융스팩14호,db금융스팩14호,0004Y0,,2030.0,,2026-05-02,NaverFinance
DS단석,ds단석,017860,,24000.0,,2026-05-02,NaverFinance
E8,e8,418620,,1473.0,,2026-05-02,NaverFinance
GS피앤엘,gs피앤엘,499790,,55300.0,,2026-05-02,NaverFinance
HB인베스트먼트,hb인베스트먼트,440290,,2240.0,,2026-05-02,NaverFinance
HD현대마린솔루션,hd현대마린솔루션,443060,,265500.0,,2026-05-02,NaverFinance
HEM파마,hem파마,376270,,59800.0,,2026-05-02,NaverFinance
HS효성,hs효성,487570,,65500.0,,2026-05-02,NaverFinance
IBKS스팩23호,ibks스팩23호,467930,,2140.0,,2026-05-02,NaverFinance
IBKS스팩24호,ibks스팩24호,469480,,2155.0,,2026-05-02,NaverFinance
IBKS스팩25호,ibks스팩25호,0099X0,,2135.0,,2026-05-02,NaverFinance
KB발해인프라,kb발해인프라,415640,,10100.0,,2026-05-02,NaverFinance
KB스타리츠(유가),kb스타리츠,432320,,2165.0,,2026-05-02,NaverFinance
KB스팩27호,kb스팩27호,464680,,2090.0,,2026-05-02,NaverFinance
KB스팩29호,kb스팩29호,478390,,2070.0,,2026-05-02,NaverFinance
KB스팩30호,kb스팩30호,486630,,2055.0,,2026-05-02,NaverFinance
KB스팩31호,kb스팩31호,492220,,2025.0,,2026-05-02,NaverFinance
KB스팩32호,kb스팩32호,0037T0,,2010.0,,2026-05-02,NaverFinance
KB스팩33호,kb스팩33호,0072Z0,,1999.0,,2026-05-02,NaverFinance
KT밀리의서재,kt밀리의서재,418470,,13430.0,,2026-05-02,NaverFinance
LG씨엔에스,lg씨엔에스,064400,,65000.0,,2026-05-02,NaverFinance
LG에너지솔루션(유가),lg에너지솔루션,373220,,460500.0,,2026-05-02,NaverFinance
LS머트리얼즈,ls머트리얼즈,417200,,30050.0,,2026-05-02,NaverFinance
M83,m83,476080,,7210.0,,2026-05-02,NaverFinance
NH스팩29호,nh스팩29호,451700,,3400.0,,2026-05-02,NaverFinance
NH스팩30호,nh스팩30호,466910,,5640.0,,2026-05-02,NaverFinance
NH스팩31호,nh스팩31호,481890,,2100.0,,2026-05-02,NaverFinance
NH스팩32호,nh스팩32호,0054V0,,2045.0,,2026-05-02,NaverFinance
NH스팩33호,nh스팩33호,0130H0,,1998.0,,2026-05-02,NaverFinance
NH올원리츠(유가),nh올원리츠,400760,,3360.0,,2026-05-02,NaverFinance
엔에이치프라임리츠(유가),nh프라임리츠,338100,,4770.0,,2026-05-02,NaverFinance
NICE평가정보,nice평가정보,030190,,15300.0,,2026-05-02,NaverFinance
OCI,oci,456040,,150000.0,,2026-05-02,NaverFinance
RF시스템즈,rf시스템즈,474610,,13950.0,,2026-05-02,NaverFinance
SK리츠(유가),sk리츠,395400,,6760.0,,2026-05-02,NaverFinance
SK바이오사이언스(유가),sk바이오사이언스,302440,,43050.0,,2026-05-02,NaverFinance
SK아이이테크놀로지(유가),sk아이이테크놀로지,361610,,26400.0,,2026-05-02,NaverFinance
SK이터닉스,sk이터닉스,475150,,58000.0,,2026-05-02,NaverFinance
SK증권스팩11호,sk증권스팩11호,472230,,2060.0,,2026-05-02,NaverFinance
SK증권스팩12호,sk증권스팩12호,473000,,2085.0,,2026-05-02,NaverFinance
SK증권스팩13호,sk증권스팩13호,473950,,2040.0,,2026-05-02,NaverFinance
STX그린로지스,stx그린로지스,465770,,4320.0,,2026-05-02,NaverFinance
가온칩스,가온칩스,399720,,70400.0,,2026-05-02,NaverFinance
가이아코퍼레이션,가이아코퍼레이션,296520,,450.0,,2026-05-02,NaverFinance
고바이오랩,고바이오랩,348150,,5320.0,,2026-05-02,NaverFinance
공구우먼,공구우먼,366030,,6750.0,,2026-05-02,NaverFinance
교보스팩15호,교보스팩15호,465320,,2335.0,,2026-05-02,NaverFinance
교보스팩16호,교보스팩16호,482520,,2050.0,,2026-05-02,NaverFinance
교보스팩17호,교보스팩17호,489210,,2100.0,,2026-05-02,NaverFinance
교보스팩18호,교보스팩18호,0041B0,,2042.0,,2026-05-02,NaverFinance
교보스팩19호,교보스팩19호,0098T0,,2045.0,,2026-05-02,NaverFinance
교보스팩20호,교보스팩20호,0132G0,,2000.0,,2026-05-02,NaverFinance
교촌에프앤비(유가),교촌에프앤비,339770,,4485.0,,2026-05-02,NaverFinance
그래피,그래피,318060,,33200.0,,2026-05-02,NaverFinance
그리드위즈,그리드위즈,453450,,25150.0,,2026-05-02,NaverFinance
그린리소스,그린리소스,402490,,20800.0,,2026-05-02,NaverFinance
그린모빌리티,그린모빌리티,480040,,17125.0,,2026-05-02,NaverFinance
그린플러스,그린플러스,186230,,4545.0,,2026-05-02,NaverFinance
금양그린파워,금양그린파워,282720,,16100.0,,2026-05-02,NaverFinance
기가비스,기가비스,420770,,103900.0,,2026-05-02,NaverFinance
꿈비,꿈비,407400,,4560.0,,2026-05-02,NaverFinance
나노씨엠에스,나노씨엠에스,247660,,4915.0,,2026-05-02,NaverFinance
나노팀,나노팀,417010,,11200.0,,2026-05-02,NaverFinance
나라셀라,나라셀라,405920,,2630.0,,2026-05-02,NaverFinance
나라스페이스테크놀로지,나라스페이스테크놀로지,478340,,34100.0,,2026-05-02,NaverFinance
나래나노텍,나래나노텍,137080,,5980.0,,2026-05-02,NaverFinance
나우로보틱스,나우로보틱스,459510,,30550.0,,2026-05-02,NaverFinance
남화산업,남화산업,111710,,4200.0,,2026-05-02,NaverFinance
네오이뮨텍,네오이뮨텍,950220,,468.0,,2026-05-02,NaverFinance
네오크레마,네오크레마,311390,,4720.0,,2026-05-02,NaverFinance
네패스아크,네패스아크,330860,,37850.0,,2026-05-02,NaverFinance
넥스트바이오메디컬,넥스트바이오메디컬,389650,,59500.0,,2026-05-02,NaverFinance
넥스트칩,넥스트칩,396270,,5160.0,,2026-05-02,NaverFinance
넥스틴,넥스틴,348210,,69700.0,,2026-05-02,NaverFinance
넥스틸,넥스틸,092790,,20300.0,,2026-05-02,NaverFinance
노랑풍선,노랑풍선,104620,,4955.0,,2026-05-02,NaverFinance
노머스,노머스,473980,,17650.0,,2026-05-02,NaverFinance
노바렉스,노바렉스,194700,,14900.0,,2026-05-02,NaverFinance
노바텍,노바텍,285490,,23400.0,,2026-05-02,NaverFinance
노브랜드,노브랜드,145170,,4670.0,,2026-05-02,NaverFinance
노을,노을,376930,,1548.0,,2026-05-02,NaverFinance
노타,노타,486990,,35450.0,,2026-05-02,NaverFinance
녹십자웰빙,녹십자웰빙,234690,,12830.0,,2026-05-02,NaverFinance
뉴로메카,뉴로메카,348340,,64800.0,,2026-05-02,NaverFinance
뉴로핏,뉴로핏,380550,,20100.0,,2026-05-02,NaverFinance
뉴엔AI,뉴엔ai,463020,,14720.0,,2026-05-02,NaverFinance
뉴키즈온,뉴키즈온,462310,,4450.0,,2026-05-02,NaverFinance
뉴트리,뉴트리,270870,,4370.0,,2026-05-02,NaverFinance
다원넥스뷰,다원넥스뷰,323350,,11920.0,,2026-05-02,NaverFinance
달바글로벌,달바글로벌,483650,,226000.0,,2026-05-02,NaverFinance
닷밀,닷밀,464580,,2120.0,,2026-05-02,NaverFinance
대명에너지,대명에너지,389260,,24250.0,,2026-05-02,NaverFinance
대모(구.대모엔지니어링),대모,317850,,8980.0,,2026-05-02,NaverFinance
대보마그네틱,대보마그네틱,290670,,12350.0,,2026-05-02,NaverFinance
대성하이텍,대성하이텍,129920,,10640.0,,2026-05-02,NaverFinance
대신밸런스스팩17호,대신밸런스스팩17호,471050,,2120.0,,2026-05-02,NaverFinance
대신밸런스스팩19호,대신밸런스스팩19호,482690,,2135.0,,2026-05-02,NaverFinance
대진첨단소재,대진첨단소재,393970,,2825.0,,2026-05-02,NaverFinance
대한조선,대한조선,439260,,89500.0,,2026-05-02,NaverFinance
더네이쳐홀딩스,더네이쳐홀딩스,298540,,7990.0,,2026-05-02,NaverFinance
더본코리아,더본코리아,475560,,20900.0,,2026-05-02,NaverFinance
더블유씨피,더블유씨피,393890,,19520.0,,2026-05-02,NaverFinance
더즌,더즌,462860,,3625.0,,2026-05-02,NaverFinance
더핑크퐁컴퍼니,더핑크퐁컴퍼니,403850,,17470.0,,2026-05-02,NaverFinance
덕산테코피아,덕산테코피아,317330,,24000.0,,2026-05-02,NaverFinance
데이원컴퍼니,데이원컴퍼니,373160,,5010.0,,2026-05-02,NaverFinance
도우인시스,도우인시스,484120,,23200.0,,2026-05-02,NaverFinance
동구바이오제약,동구바이오제약,006620,,5150.0,,2026-05-02,NaverFinance
동국생명과학,동국생명과학,303810,,3460.0,,2026-05-02,NaverFinance
동국씨엠,동국씨엠,460850,,6830.0,,2026-05-02,NaverFinance
동국제강,동국제강,460860,,15390.0,,2026-05-02,NaverFinance
동방메디컬,동방메디컬,240550,,6990.0,,2026-05-02,NaverFinance
동인기연,동인기연,111380,,14500.0,,2026-05-02,NaverFinance
두산로보틱스,두산로보틱스,454910,,110200.0,,2026-05-02,NaverFinance
듀켐바이오,듀켐바이오,176750,,9040.0,,2026-05-02,NaverFinance
드림씨아이에스,드림씨아이에스,223250,,4950.0,,2026-05-02,NaverFinance
드림인사이트,드림인사이트,362990,,1765.0,,2026-05-02,NaverFinance
드림텍(유가),드림텍,192650,,6710.0,,2026-05-02,NaverFinance
디아이티,디아이티,110990,,24950.0,,2026-05-02,NaverFinance
디알젬,디알젬,263690,,5760.0,,2026-05-02,NaverFinance
디앤디파마텍,디앤디파마텍,347850,,74200.0,,2026-05-02,NaverFinance
디앤디플랫폼리츠,디앤디플랫폼리츠,377190,,3215.0,,2026-05-02,NaverFinance
디어유,디어유,376300,,32250.0,,2026-05-02,NaverFinance
디지캡,디지캡,197140,,2035.0,,2026-05-02,NaverFinance
디케이앤디,디케이앤디,263020,,3770.0,,2026-05-02,NaverFinance
디케이티,디케이티,290550,,25450.0,,2026-05-02,NaverFinance
디티앤씨알오,디티앤씨알오,383930,,3490.0,,2026-05-02,NaverFinance
딥노이드,딥노이드,315640,,3600.0,,2026-05-02,NaverFinance
라닉스,라닉스,317120,,2475.0,,2026-05-02,NaverFinance
라메디텍,라메디텍,462510,,4920.0,,2026-05-02,NaverFinance
라온피플,라온피플,300120,,1017.0,,2026-05-02,NaverFinance
라파스,라파스,214260,,9500.0,,2026-05-02,NaverFinance
레몬,레몬,294140,,3405.0,,2026-05-02,NaverFinance
레뷰코퍼레이션,레뷰코퍼레이션,443250,,7970.0,,2026-05-02,NaverFinance
레이,레이,228670,,8810.0,,2026-05-02,NaverFinance
레이저쎌,레이저쎌,412350,,7920.0,,2026-05-02,NaverFinance
레이저옵텍,레이저옵텍,199550,,5430.0,,2026-05-02,NaverFinance
레인보우로보틱스,레인보우로보틱스,277810,,664000.0,,2026-05-02,NaverFinance
로보티즈,로보티즈,108490,,316500.0,,2026-05-02,NaverFinance
로킷헬스케어,로킷헬스케어,376900,,76500.0,,2026-05-02,NaverFinance
롯데렌탈(유가),롯데렌탈,089860,,33650.0,,2026-05-02,NaverFinance
롯데리츠(유가),롯데리츠,330590,,4440.0,,2026-05-02,NaverFinance
루닛,루닛,328130,,41450.0,,2026-05-02,NaverFinance
루미르,루미르,474170,,16210.0,,2026-05-02,NaverFinance
리메드,리메드,302550,,3085.0,,2026-05-02,NaverFinance
리브스메드,리브스메드,491000,,71200.0,,2026-05-02,NaverFinance
리센스메디컬,리센스메디컬,394420,,32000.0,,2026-05-02,NaverFinance
리파인,리파인,377450,,12700.0,,2026-05-02,NaverFinance
링크솔루션,링크솔루션,474650,,59400.0,,2026-05-02,NaverFinance
링크제니시스,링크제니시스,219420,,5080.0,,2026-05-02,NaverFinance
마녀공장,마녀공장,439090,,15940.0,,2026-05-02,NaverFinance
마니커에프앤지,마니커에프앤지,195500,,2875.0,,2026-05-02,NaverFinance
마스턴프리미어리츠(유가),마스턴프리미어리츠,357430,,1245.0,,2026-05-02,NaverFinance
마이크로디지탈,마이크로디지탈,305090,,6190.0,,2026-05-02,NaverFinance
마이크로투나노,마이크로투나노,424980,,13660.0,,2026-05-02,NaverFinance
머큐리,머큐리,100590,,6200.0,,2026-05-02,NaverFinance
메가터치,메가터치,446540,,7140.0,,2026-05-02,NaverFinance
메드팩토,메드팩토,235980,,5120.0,,2026-05-02,NaverFinance
메리츠스팩1호,메리츠스팩1호,0088D0,,2165.0,,2026-05-02,NaverFinance
명신산업(유가),명신산업,009900,,13300.0,,2026-05-02,NaverFinance
명인제약,명인제약,317450,,55800.0,,2026-05-02,NaverFinance
모니터랩,모니터랩,434480,,4180.0,,2026-05-02,NaverFinance
모델솔루션,모델솔루션,417970,,18560.0,,2026-05-02,NaverFinance
모비릭스,모비릭스,348030,,2480.0,,2026-05-02,NaverFinance
모아데이타,모아데이타,288980,,1366.0,,2026-05-02,NaverFinance
모티브링크,모티브링크,463480,,8720.0,,2026-05-02,NaverFinance
미디어젠,미디어젠,279600,,5830.0,,2026-05-02,NaverFinance
미래반도체,미래반도체,254490,,23350.0,,2026-05-02,NaverFinance
미래에셋글로벌리츠(유가),미래에셋글로벌리츠,396690,,2190.0,,2026-05-02,NaverFinance
미래에셋벤처투자,미래에셋벤처투자,100790,,52400.0,,2026-05-02,NaverFinance
미래에셋비전스팩10호,미래에셋비전스팩10호,0097F0,,1998.0,,2026-05-02,NaverFinance
미래에셋비전스팩11호,미래에셋비전스팩11호,0099W0,,2005.0,,2026-05-02,NaverFinance
미래에셋비전스팩4호,미래에셋비전스팩4호,477380,,2060.0,,2026-05-02,NaverFinance
미래에셋비전스팩5호,미래에셋비전스팩5호,477470,,2115.0,,2026-05-02,NaverFinance
미래에셋비전스팩6호,미래에셋비전스팩6호,478440,,2035.0,,2026-05-02,NaverFinance
미래에셋비전스팩7호,미래에셋비전스팩7호,482680,,2030.0,,2026-05-02,NaverFinance
미래에셋비전스팩8호,미래에셋비전스팩8호,0093G0,,1998.0,,2026-05-02,NaverFinance
미래에셋비전스팩9호,미래에셋비전스팩9호,0096D0,,2000.0,,2026-05-02,NaverFinance
미쥬,미쥬,351020,,6610.0,,2026-05-02,NaverFinance
미트박스,미트박스,475460,,8340.0,,2026-05-02,NaverFinance
민테크,민테크,452200,,2765.0,,2026-05-02,NaverFinance
바이브컴퍼니,바이브컴퍼니,301300,,2770.0,,2026-05-02,NaverFinance
바이오노트(유가),바이오노트,377740,,5110.0,,2026-05-02,NaverFinance
바이오다인,바이오다인,314930,,11660.0,,2026-05-02,NaverFinance
바이오비쥬,바이오비쥬,489460,,8370.0,,2026-05-02,NaverFinance
바이오솔루션,바이오솔루션,086820,,11990.0,,2026-05-02,NaverFinance
바이오에프디엔씨,바이오에프디엔씨,251120,,14310.0,,2026-05-02,NaverFinance
바이오인프라,바이오인프라,199730,,4180.0,,2026-05-02,NaverFinance
바이오텐,바이오텐,289170,,3260.0,,2026-05-02,NaverFinance
바이오포트,바이오포트,188040,,6500.0,,2026-05-02,NaverFinance
바이오플러스,바이오플러스,099430,,5780.0,,2026-05-02,NaverFinance
바이젠셀,바이젠셀,308080,,10890.0,,2026-05-02,NaverFinance
박셀바이오,박셀바이오,323990,,7480.0,,2026-05-02,NaverFinance
배럴,배럴,267790,,3520.0,,2026-05-02,NaverFinance
뱅크웨어글로벌,뱅크웨어글로벌,199480,,5100.0,,2026-05-02,NaverFinance
버넥트,버넥트,438700,,3360.0,,2026-05-02,NaverFinance
범한퓨얼셀,범한퓨얼셀,382900,,35250.0,,2026-05-02,NaverFinance
벡트,벡트,457600,,2260.0,,2026-05-02,NaverFinance
보로노이,보로노이,310210,,284000.0,,2026-05-02,NaverFinance
보원케미칼,보원케미칼,0010F0,,6010.0,,2026-05-02,NaverFinance
본시스템즈,본시스템즈,496320,,1023000.0,,2026-05-02,NaverFinance
뷰노,뷰노,338220,,18960.0,,2026-05-02,NaverFinance
뷰티스킨,뷰티스킨,406820,,3005.0,,2026-05-02,NaverFinance
브레인즈컴퍼니,브레인즈컴퍼니,099390,,4710.0,,2026-05-02,NaverFinance
브이씨,브이씨,365900,,3125.0,,2026-05-02,NaverFinance
블랙야크아이앤씨,블랙야크아이앤씨,478560,,3600.0,,2026-05-02,NaverFinance
블루엠텍,블루엠텍,439580,,3320.0,,2026-05-02,NaverFinance
비나텍,비나텍,126340,,175600.0,,2026-05-02,NaverFinance
비비씨,비비씨,318410,,7500.0,,2026-05-02,NaverFinance
비씨엔씨,비씨엔씨,146320,,17850.0,,2026-05-02,NaverFinance
비아이매트릭스,비아이매트릭스,413640,,8700.0,,2026-05-02,NaverFinance
비에이치,비에이치,090460,,34500.0,,2026-05-02,NaverFinance
비엔케이스팩3호,비엔케이스팩3호,0068Y0,,2000.0,,2026-05-02,NaverFinance
비츠로넥스텍,비츠로넥스텍,488900,,18670.0,,2026-05-02,NaverFinance
비피도,비피도,238200,,2840.0,,2026-05-02,NaverFinance
삐아,삐아,451250,,8880.0,,2026-05-02,NaverFinance
사이냅소프트,사이냅소프트,466410,,11820.0,,2026-05-02,NaverFinance
사피엔반도체,사피엔반도체,452430,,42500.0,,2026-05-02,NaverFinance
산돌,산돌,419120,,4040.0,,2026-05-02,NaverFinance
산일전기,산일전기,062040,,266000.0,,2026-05-02,NaverFinance
삼미금속,삼미금속,012210,,13340.0,,2026-05-02,NaverFinance
삼성FN리츠(유가),삼성fn리츠,448730,,6210.0,,2026-05-02,NaverFinance
삼성스팩10호,삼성스팩10호,0044K0,,2040.0,,2026-05-02,NaverFinance
삼성스팩11호,삼성스팩11호,0071M0,,2015.0,,2026-05-02,NaverFinance
삼성스팩12호,삼성스팩12호,0096B0,,2005.0,,2026-05-02,NaverFinance
삼성스팩13호,삼성스팩13호,0115H0,,2015.0,,2026-05-02,NaverFinance
삼양바이오팜,삼양바이오팜,000120,,101100.0,,2026-05-02,NaverFinance
삼양엔씨켐,삼양엔씨켐,482630,,19320.0,,2026-05-02,NaverFinance
삼양컴텍,삼양컴텍,484590,,13040.0,,2026-05-02,NaverFinance
삼영에스앤씨,삼영에스앤씨,361670,,3440.0,,2026-05-02,NaverFinance
삼익제약,삼익제약,014950,,9680.0,,2026-05-02,NaverFinance
삼현,삼현,437730,,53500.0,,2026-05-02,NaverFinance
새빗켐,새빗켐,107600,,30700.0,,2026-05-02,NaverFinance
샌즈랩,샌즈랩,411080,,8230.0,,2026-05-02,NaverFinance
샘씨엔에스,샘씨엔에스,252990,,14260.0,,2026-05-02,NaverFinance
샤페론,샤페론,378800,,1876.0,,2026-05-02,NaverFinance
서남,서남,294630,,4550.0,,2026-05-02,NaverFinance
서울바이오시스,서울바이오시스,092190,,8640.0,,2026-05-02,NaverFinance
서울보증보험,서울보증보험,031210,,47800.0,,2026-05-02,NaverFinance
석경에이티,석경에이티,357550,,57200.0,,2026-05-02,NaverFinance
선바이오,선바이오,067370,,8280.0,,2026-05-02,NaverFinance
선진뷰티사이언스,선진뷰티사이언스,086710,,11030.0,,2026-05-02,NaverFinance
성우,성우,458650,,13800.0,,2026-05-02,NaverFinance
성일하이텍,성일하이텍,365340,,82200.0,,2026-05-02,NaverFinance
세경하이테크,세경하이테크,148150,,4790.0,,2026-05-02,NaverFinance
세나테크놀로지,세나테크놀로지,061090,,42550.0,,2026-05-02,NaverFinance
세니젠,세니젠,188260,,2070.0,,2026-05-02,NaverFinance
세미파이브,세미파이브,490470,,42450.0,,2026-05-02,NaverFinance
세븐브로이맥주,세븐브로이맥주,267080,,486.0,,2026-05-02,NaverFinance
세아메카닉스,세아메카닉스,396300,,5900.0,,2026-05-02,NaverFinance
세종메디칼,세종메디칼,258830,,412.0,,2026-05-02,NaverFinance
센서뷰,센서뷰,321370,,2940.0,,2026-05-02,NaverFinance
센코,센코,347000,,2405.0,,2026-05-02,NaverFinance
셀레믹스,셀레믹스,331920,,14990.0,,2026-05-02,NaverFinance
셀로맥스사이언스,셀로맥스사이언스,471820,,5220.0,,2026-05-02,NaverFinance
셀리드,셀리드,299660,,3180.0,,2026-05-02,NaverFinance
셀비온,셀비온,308430,,36250.0,,2026-05-02,NaverFinance
소룩스,소룩스,290690,,3770.0,,2026-05-02,NaverFinance
소마젠,소마젠,950200,,3625.0,,2026-05-02,NaverFinance
솔루엠(유가),솔루엠,248070,,19400.0,,2026-05-02,NaverFinance
솔트룩스,솔트룩스,304100,,23400.0,,2026-05-02,NaverFinance
수산인더스트리(유가),수산인더스트리,126720,,34050.0,,2026-05-02,NaverFinance
수젠텍,수젠텍,253840,,5580.0,,2026-05-02,NaverFinance
스마트레이더시스템,스마트레이더시스템,424960,,6810.0,,2026-05-02,NaverFinance
스코넥,스코넥,276040,,327.0,,2026-05-02,NaverFinance
스톤브릿지벤처스,스톤브릿지벤처스,330730,,6430.0,,2026-05-02,NaverFinance
스톰테크,스톰테크,352090,,3865.0,,2026-05-02,NaverFinance
스튜디오미르,스튜디오미르,408900,,2640.0,,2026-05-02,NaverFinance
스튜디오삼익,스튜디오삼익,415380,,2170.0,,2026-05-02,NaverFinance
시선AI,시선ai,340810,,3335.0,,2026-05-02,NaverFinance
시스웍,시스웍,269620,,889.0,,2026-05-02,NaverFinance
시지트로닉스,시지트로닉스,429270,,7590.0,,2026-05-02,NaverFinance
시큐레터,시큐레터,418250,,6550.0,,2026-05-02,NaverFinance
시프트업,시프트업,462870,,32550.0,,2026-05-02,NaverFinance
신도기연,신도기연,290520,,2725.0,,2026-05-02,NaverFinance
신성에스티,신성에스티,416180,,37100.0,,2026-05-02,NaverFinance
신영스팩10호,신영스팩10호,472220,,2140.0,,2026-05-02,NaverFinance
신영스팩11호,신영스팩11호,0091W0,,2080.0,,2026-05-02,NaverFinance
신테카바이오,신테카바이오,226330,,3170.0,,2026-05-02,NaverFinance
신한글로벌액티브리츠,신한글로벌액티브리츠,481850,,1138.0,,2026-05-02,NaverFinance
신한서부티엔디리츠(유가),신한서부티엔디리츠,404990,,4685.0,,2026-05-02,NaverFinance
신한스팩11호,신한스팩11호,452980,,2110.0,,2026-05-02,NaverFinance
신한스팩12호,신한스팩12호,474660,,2055.0,,2026-05-02,NaverFinance
신한스팩13호,신한스팩13호,474930,,2125.0,,2026-05-02,NaverFinance
신한스팩14호,신한스팩14호,487360,,2020.0,,2026-05-02,NaverFinance
신한스팩15호,신한스팩15호,487830,,2045.0,,2026-05-02,NaverFinance
신한스팩16호,신한스팩16호,496070,,2010.0,,2026-05-02,NaverFinance
신한스팩17호,신한스팩17호,0130D0,,1992.0,,2026-05-02,NaverFinance
신한스팩18호,신한스팩18호,0129K0,,2355.0,,2026-05-02,NaverFinance
신한알파리츠(유가),신한알파리츠,293940,,6050.0,,2026-05-02,NaverFinance
실리콘투,실리콘투,257720,,44000.0,,2026-05-02,NaverFinance
심플랫폼,심플랫폼,444530,,10100.0,,2026-05-02,NaverFinance
싸이닉솔루션,싸이닉솔루션,234030,,7270.0,,2026-05-02,NaverFinance
싸이버원,싸이버원,356890,,3825.0,,2026-05-02,NaverFinance
싸이토젠,싸이토젠,217330,,5900.0,,2026-05-02,NaverFinance
쎄크,쎄크,081180,,13610.0,,2026-05-02,NaverFinance
쏘닉스,쏘닉스,088280,,7170.0,,2026-05-02,NaverFinance
쏘카(유가),쏘카,403550,,17810.0,,2026-05-02,NaverFinance
쓰리빌리언,쓰리빌리언,394800,,13510.0,,2026-05-02,NaverFinance
쓰리에이로직스,쓰리에이로직스,177900,,7350.0,,2026-05-02,NaverFinance
씨메스,씨메스,475400,,32200.0,,2026-05-02,NaverFinance
씨메스로보틱스,씨메스로보틱스,475400,,32200.0,,2026-05-02,NaverFinance
씨싸이트,씨싸이트,109670,,5050.0,,2026-05-02,NaverFinance
씨앤씨인터내셔널,씨앤씨인터내셔널,352480,,29700.0,,2026-05-02,NaverFinance
씨앤지하이테크,씨앤지하이테크,264660,,22500.0,,2026-05-02,NaverFinance
씨어스,씨어스,458870,,47650.0,,2026-05-02,NaverFinance
씨어스테크놀로지,씨어스테크놀로지,458870,,47650.0,,2026-05-02,NaverFinance
씨에스베어링,씨에스베어링,297090,,9150.0,,2026-05-02,NaverFinance
씨엠티엑스,씨엠티엑스,388210,,140700.0,,2026-05-02,NaverFinance
씨유테크,씨유테크,376290,,2900.0,,2026-05-02,NaverFinance
씨이랩,씨이랩,189330,,6620.0,,2026-05-02,NaverFinance
씨케이솔루션,씨케이솔루션,480370,,2475.0,,2026-05-02,NaverFinance
아로마티카,아로마티카,0015N0,,9550.0,,2026-05-02,NaverFinance
아모그린텍,아모그린텍,125210,,15860.0,,2026-05-02,NaverFinance
아모센스,아모센스,357580,,23050.0,,2026-05-02,NaverFinance
아셈스,아셈스,136410,,7370.0,,2026-05-02,NaverFinance
아스테라시스,아스테라시스,450950,,11370.0,,2026-05-02,NaverFinance
아스플로,아스플로,159010,,10590.0,,2026-05-02,NaverFinance
아시아나IDT(유가),아시아나idt,267850,,10820.0,,2026-05-02,NaverFinance
아시아종묘,아시아종묘,154030,,2050.0,,2026-05-02,NaverFinance
아우토크립트,아우토크립트,331740,,15240.0,,2026-05-02,NaverFinance
아이디피,아이디피,332370,,5220.0,,2026-05-02,NaverFinance
아이비젼웍스,아이비젼웍스,469750,,1161.0,,2026-05-02,NaverFinance
아이빔테크놀로지,아이빔테크놀로지,460470,,3880.0,,2026-05-02,NaverFinance
아이스크림미디어,아이스크림미디어,461300,,18600.0,,2026-05-02,NaverFinance
아이스크림에듀,아이스크림에듀,289010,,1575.0,,2026-05-02,NaverFinance
아이씨에이치,아이씨에이치,368600,,1168.0,,2026-05-02,NaverFinance
아이씨티케이,아이씨티케이,456010,,22550.0,,2026-05-02,NaverFinance
아이언디바이스,아이언디바이스,464500,,3655.0,,2026-05-02,NaverFinance
아이에스티이,아이에스티이,212710,,9130.0,,2026-05-02,NaverFinance
아이엘로보틱스,아이엘로보틱스,403810,,2345.0,,2026-05-02,NaverFinance
아이엠바이오로직스,아이엠바이오로직스,493280,,48600.0,,2026-05-02,NaverFinance
아이엠비디엑스,아이엠비디엑스,461030,,6960.0,,2026-05-02,NaverFinance
아이엠지티,아이엠지티,456570,,14800.0,,2026-05-02,NaverFinance
아이엠티,아이엠티,451220,,15080.0,,2026-05-02,NaverFinance
아이지넷,아이지넷,462980,,2315.0,,2026-05-02,NaverFinance
아이퀘스트,아이퀘스트,262840,,1780.0,,2026-05-02,NaverFinance
아이큐어,아이큐어,175250,,2170.0,,2026-05-02,NaverFinance
아이티센피엔에스,아이티센피엔에스,232830,,4025.0,,2026-05-02,NaverFinance
아이티아이즈,아이티아이즈,372800,,4255.0,,2026-05-02,NaverFinance
아이티엠반도체,아이티엠반도체,084850,,16980.0,,2026-05-02,NaverFinance
아이티켐,아이티켐,309710,,21000.0,,2026-05-02,NaverFinance
아이패밀리에스씨,아이패밀리에스씨,114840,,10800.0,,2026-05-02,NaverFinance
아주IB투자,아주ib투자,027360,,15000.0,,2026-05-02,NaverFinance
아주스틸(유가),아주스틸,139990,,3800.0,,2026-05-02,NaverFinance
아톤,아톤,158430,,8010.0,,2026-05-02,NaverFinance
알리코제약,알리코제약,260660,,3620.0,,2026-05-02,NaverFinance
알멕,알멕,354320,,100400.0,,2026-05-02,NaverFinance
알비더블유,알비더블유,361570,,1945.0,,2026-05-02,NaverFinance
알지노믹스,알지노믹스,476830,,175900.0,,2026-05-02,NaverFinance
알체라,알체라,347860,,2700.0,,2026-05-02,NaverFinance
알트,알트,459550,,2900.0,,2026-05-02,NaverFinance
알피바이오,알피바이오,314140,,6250.0,,2026-05-02,NaverFinance
압타머사이언스,압타머사이언스,291650,,1705.0,,2026-05-02,NaverFinance
압타바이오,압타바이오,293780,,8470.0,,2026-05-02,NaverFinance
애경산업(유가),애경산업,018250,,14900.0,,2026-05-02,NaverFinance
애드바이오텍,애드바이오텍,179530,,2485.0,,2026-05-02,NaverFinance
애드포러스,애드포러스,397810,,6560.0,,2026-05-02,NaverFinance
액트로,액트로,290740,,18260.0,,2026-05-02,NaverFinance
앱코,앱코,129890,,1099.0,,2026-05-02,NaverFinance
에르코스,에르코스,435570,,11500.0,,2026-05-02,NaverFinance
에브리봇,에브리봇,270660,,19160.0,,2026-05-02,NaverFinance
에스디바이오센서(유가),에스디바이오센서,137310,,8420.0,,2026-05-02,NaverFinance
에스바이오메딕스,에스바이오메딕스,304360,,36100.0,,2026-05-02,NaverFinance
에스비비테크,에스비비테크,389500,,64700.0,,2026-05-02,NaverFinance
에스앤디,에스앤디,260970,,55200.0,,2026-05-02,NaverFinance
에스에스알,에스에스알,275630,,4170.0,,2026-05-02,NaverFinance
에스엘에스바이오,에스엘에스바이오,246250,,1969.0,,2026-05-02,NaverFinance
에스엠씨지,에스엠씨지,460870,,3590.0,,2026-05-02,NaverFinance
에스오에스랩,에스오에스랩,464080,,16210.0,,2026-05-02,NaverFinance
에스와이스틸텍,에스와이스틸텍,365330,,3765.0,,2026-05-02,NaverFinance
에스제이그룹,에스제이그룹,306040,,7170.0,,2026-05-02,NaverFinance
에스지헬스케어,에스지헬스케어,398120,,3525.0,,2026-05-02,NaverFinance
에스켐,에스켐,475660,,5200.0,,2026-05-02,NaverFinance
에스테크엠,에스테크엠,0070X0,,8680.0,,2026-05-02,NaverFinance
에스투더블유,에스투더블유,488280,,25450.0,,2026-05-02,NaverFinance
에스팀,에스팀,458350,,9070.0,,2026-05-02,NaverFinance
에스피소프트,에스피소프트,443670,,5810.0,,2026-05-02,NaverFinance
에스피시스템스,에스피시스템스,317830,,10520.0,,2026-05-02,NaverFinance
에어레인,에어레인,163280,,6120.0,,2026-05-02,NaverFinance
에어부산(유가),에어부산,298690,,2050.0,,2026-05-02,NaverFinance
에이럭스,에이럭스,475580,,12770.0,,2026-05-02,NaverFinance
에이비엘바이오,에이비엘바이오,298380,,134800.0,,2026-05-02,NaverFinance
에이비온,에이비온,203400,,2740.0,,2026-05-02,NaverFinance
에이스토리,에이스토리,241840,,5260.0,,2026-05-02,NaverFinance
에이아이센서,에이아이센서,480020,,12955.0,,2026-05-02,NaverFinance
에이아이코리아,에이아이코리아,364950,,7280.0,,2026-05-02,NaverFinance
에이에스텍,에이에스텍,453860,,15270.0,,2026-05-02,NaverFinance
에이에프더블류,에이에프더블류,312610,,1350.0,,2026-05-02,NaverFinance
에이엘티,에이엘티,172670,,18730.0,,2026-05-02,NaverFinance
에이유브랜즈,에이유브랜즈,481070,,18460.0,,2026-05-02,NaverFinance
에이직랜드,에이직랜드,445090,,29950.0,,2026-05-02,NaverFinance
에이치브이엠,에이치브이엠,295310,,89000.0,,2026-05-02,NaverFinance
에이치엔에스하이텍,에이치엔에스하이텍,044990,,16300.0,,2026-05-02,NaverFinance
에이치엠씨제6호스팩,에이치엠씨스팩6호,462020,,2105.0,,2026-05-02,NaverFinance
에이치엠씨제7호스팩,에이치엠씨스팩7호,477340,,2030.0,,2026-05-02,NaverFinance
에이치와이티씨,에이치와이티씨,148930,,3195.0,,2026-05-02,NaverFinance
에이치피오,에이치피오,357230,,2790.0,,2026-05-02,NaverFinance
에이텀,에이텀,355690,,5230.0,,2026-05-02,NaverFinance
에이프로,에이프로,262260,,8630.0,,2026-05-02,NaverFinance
에이프릴바이오,에이프릴바이오,397030,,59300.0,,2026-05-02,NaverFinance
에이피알,에이피알,278470,,424500.0,,2026-05-02,NaverFinance
에코아이,에코아이,448280,,12540.0,,2026-05-02,NaverFinance
에코캡,에코캡,128540,,1895.0,,2026-05-02,NaverFinance
에코프로머티,에코프로머티,450080,,80300.0,,2026-05-02,NaverFinance
에코프로비엠,에코프로비엠,247540,,206000.0,,2026-05-02,NaverFinance
에프앤가이드,에프앤가이드,064850,,27200.0,,2026-05-02,NaverFinance
에피바이오텍,에피바이오텍,446440,,14900.0,,2026-05-02,NaverFinance
엑셀세라퓨틱스,엑셀세라퓨틱스,373110,,1679.0,,2026-05-02,NaverFinance
엔더블유시,엔더블유시,059180,,4870.0,,2026-05-02,NaverFinance
엔바이오니아,엔바이오니아,317870,,8520.0,,2026-05-02,NaverFinance
엔비티,엔비티,236810,,1965.0,,2026-05-02,NaverFinance
엔시스,엔시스,333620,,7130.0,,2026-05-02,NaverFinance
엔알비,엔알비,475230,,18850.0,,2026-05-02,NaverFinance
엔에프씨,엔에프씨,265740,,7140.0,,2026-05-02,NaverFinance
엔젠바이오,엔젠바이오,354200,,1159.0,,2026-05-02,NaverFinance
엔젤로보틱스,엔젤로보틱스,455900,,30350.0,,2026-05-02,NaverFinance
엔젯,엔젯,419080,,5620.0,,2026-05-02,NaverFinance
엔지켐생명과학,엔지켐생명과학,183490,,990.0,,2026-05-02,NaverFinance
엔켐,엔켐,348370,,44300.0,,2026-05-02,NaverFinance
엘비인베스트먼트,엘비인베스트먼트,309960,,5900.0,,2026-05-02,NaverFinance
엘앤씨바이오,엘앤씨바이오,290650,,63200.0,,2026-05-02,NaverFinance
엘앤에프,엘앤에프,066970,,195100.0,,2026-05-02,NaverFinance
엘에스스팩1호,엘에스스팩1호,0041J0,,2000.0,,2026-05-02,NaverFinance
엘케이켐,엘케이켐,489500,,34550.0,,2026-05-02,NaverFinance
엠디바이스,엠디바이스,226590,,28550.0,,2026-05-02,NaverFinance
엠로,엠로,058970,,28250.0,,2026-05-02,NaverFinance
엠아이큐브솔루션,엠아이큐브솔루션,373170,,3200.0,,2026-05-02,NaverFinance
엠아이텍,엠아이텍,179290,,6530.0,,2026-05-02,NaverFinance
엠앤씨솔루션,엠앤씨솔루션,484870,,115400.0,,2026-05-02,NaverFinance
엠에프씨,엠에프씨,432980,,3600.0,,2026-05-02,NaverFinance
엠오티,엠오티,413390,,9180.0,,2026-05-02,NaverFinance
영림원소프트랩,영림원소프트랩,060850,,6480.0,,2026-05-02,NaverFinance
오가노이드사이언스,오가노이드사이언스,476040,,22400.0,,2026-05-02,NaverFinance
오로스테크놀로지,오로스테크놀로지,322310,,34500.0,,2026-05-02,NaverFinance
오름테라퓨틱,오름테라퓨틱,475830,,88200.0,,2026-05-02,NaverFinance
오브젠,오브젠,417860,,11620.0,,2026-05-02,NaverFinance
오상헬스케어,오상헬스케어,036220,,9070.0,,2026-05-02,NaverFinance
오션스바이오,오션스바이오,332190,,1810.0,,2026-05-02,NaverFinance
오스테오닉,오스테오닉,226400,,6630.0,,2026-05-02,NaverFinance
오아,오아,342870,,6810.0,,2026-05-02,NaverFinance
오에스피,오에스피,368970,,1925.0,,2026-05-02,NaverFinance
오토앤,오토앤,353590,,2995.0,,2026-05-02,NaverFinance
오파스넷,오파스넷,173130,,7670.0,,2026-05-02,NaverFinance
오픈놀,오픈놀,440320,,4260.0,,2026-05-02,NaverFinance
오픈엣지테크놀로지,오픈엣지테크놀로지,394280,,20450.0,,2026-05-02,NaverFinance
온코닉테라퓨틱스,온코닉테라퓨틱스,476060,,21250.0,,2026-05-02,NaverFinance
온코크로스,온코크로스,382150,,8500.0,,2026-05-02,NaverFinance
올리패스,올리패스,244460,,1651.0,,2026-05-02,NaverFinance
올릭스,올릭스,226950,,172500.0,,2026-05-02,NaverFinance
옵티팜,옵티팜,153710,,5190.0,,2026-05-02,NaverFinance
와이랩,와이랩,432430,,3640.0,,2026-05-02,NaverFinance
와이바이오로직스,와이바이오로직스,338840,,22000.0,,2026-05-02,NaverFinance
와이엠텍,와이엠텍,273640,,12250.0,,2026-05-02,NaverFinance
와이제이링크,와이제이링크,209640,,8140.0,,2026-05-02,NaverFinance
와이즈넛,와이즈넛,096250,,11150.0,,2026-05-02,NaverFinance
우듬지팜,우듬지팜,403490,,1247.0,,2026-05-02,NaverFinance
우양,우양,103840,,3245.0,,2026-05-02,NaverFinance
우양에이치씨,우양에이치씨,101970,,14350.0,,2026-05-02,NaverFinance
우진아이엔에스(유가),우진아이엔에스,010400,,4105.0,,2026-05-02,NaverFinance
우진엔텍,우진엔텍,457550,,27250.0,,2026-05-02,NaverFinance
워트,워트,396470,,7870.0,,2026-05-02,NaverFinance
원일티엔아이,원일티엔아이,136150,,18350.0,,2026-05-02,NaverFinance
원준,원준,382840,,9910.0,,2026-05-02,NaverFinance
원티드랩,원티드랩,376980,,4000.0,,2026-05-02,NaverFinance
웨이비스,웨이비스,289930,,21700.0,,2026-05-02,NaverFinance
웹케시,웹케시,053580,,9160.0,,2026-05-02,NaverFinance
위너스,위너스,479960,,11810.0,,2026-05-02,NaverFinance
위너스일렉,위너스일렉,479960,,11810.0,,2026-05-02,NaverFinance
위니아에이드,위니아에이드,377460,,4080.0,,2026-05-02,NaverFinance
위더스제약,위더스제약,330350,,8940.0,,2026-05-02,NaverFinance
위드텍,위드텍,348350,,11050.0,,2026-05-02,NaverFinance
위세아이텍,위세아이텍,065370,,5310.0,,2026-05-02,NaverFinance
위지윅스튜디오,위지윅스튜디오,299900,,410.0,,2026-05-02,NaverFinance
위츠,위츠,459100,,6320.0,,2026-05-02,NaverFinance
윙입푸드,윙입푸드,900340,,707.0,,2026-05-02,NaverFinance
유디엠텍,유디엠텍,389680,,549.0,,2026-05-02,NaverFinance
유라클,유라클,088340,,13210.0,,2026-05-02,NaverFinance
유비씨,유비씨,495810,,13120.0,,2026-05-02,NaverFinance
유비온,유비온,084440,,1174.0,,2026-05-02,NaverFinance
유안타스팩15호,유안타스팩15호,473050,,2065.0,,2026-05-02,NaverFinance
유안타스팩16호,유안타스팩16호,474490,,2045.0,,2026-05-02,NaverFinance
유안타스팩17호,유안타스팩17호,493790,,2007.0,,2026-05-02,NaverFinance
유일로보틱스,유일로보틱스,388720,,105100.0,,2026-05-02,NaverFinance
유일에너테크,유일에너테크,340930,,806.0,,2026-05-02,NaverFinance
유진스팩10호,유진스팩10호,468760,,2090.0,,2026-05-02,NaverFinance
유진스팩11호,유진스팩11호,488060,,2080.0,,2026-05-02,NaverFinance
유진스팩12호,유진스팩12호,0105P0,,2005.0,,2026-05-02,NaverFinance
유진테크놀로지,유진테크놀로지,240600,,4000.0,,2026-05-02,NaverFinance
유투바이오,유투바이오,221800,,18250.0,,2026-05-02,NaverFinance
유틸렉스,유틸렉스,263050,,959.0,,2026-05-02,NaverFinance
윤성에프앤씨,윤성에프앤씨,372170,,36300.0,,2026-05-02,NaverFinance
율촌,율촌,146060,,1536.0,,2026-05-02,NaverFinance
이노뎁,이노뎁,303530,,5000.0,,2026-05-02,NaverFinance
이노룰스,이노룰스,296640,,8040.0,,2026-05-02,NaverFinance
이노메트리,이노메트리,302430,,8390.0,,2026-05-02,NaverFinance
이노스페이스,이노스페이스,462350,,16350.0,,2026-05-02,NaverFinance
이노시뮬레이션,이노시뮬레이션,274400,,4060.0,,2026-05-02,NaverFinance
이노진,이노진,344860,,1543.0,,2026-05-02,NaverFinance
이노테크,이노테크,469610,,26600.0,,2026-05-02,NaverFinance
이닉스,이닉스,452400,,9290.0,,2026-05-02,NaverFinance
이뮨온시아,이뮨온시아,424870,,6990.0,,2026-05-02,NaverFinance
이베스트스팩6호,이베스트스팩6호,478110,,2030.0,,2026-05-02,NaverFinance
이삭엔지니어링,이삭엔지니어링,351330,,7970.0,,2026-05-02,NaverFinance
이수스페셜티케미컬,이수스페셜티케미컬,457190,,121500.0,,2026-05-02,NaverFinance
이엔셀,이엔셀,456070,,15580.0,,2026-05-02,NaverFinance
이오플로우,이오플로우,294090,,1490.0,,2026-05-02,NaverFinance
이지스,이지스,261520,,7870.0,,2026-05-02,NaverFinance
이지스레지던스리츠(유가),이지스레지던스리츠,350520,,3920.0,,2026-05-02,NaverFinance
이지스밸류플러스리츠(유가),이지스밸류플러스리츠,334890,,4185.0,,2026-05-02,NaverFinance
이지케어텍,이지케어텍,099750,,8690.0,,2026-05-02,NaverFinance
이지트로닉스,이지트로닉스,377330,,3945.0,,2026-05-02,NaverFinance
인바이오,인바이오,352940,,2305.0,,2026-05-02,NaverFinance
인벤테라,인벤테라,0007J0,,21350.0,,2026-05-02,NaverFinance
인벤티지랩,인벤티지랩,389470,,61500.0,,2026-05-02,NaverFinance
인스웨이브,인스웨이브,450520,,3225.0,,2026-05-02,NaverFinance
인스피언,인스피언,465480,,5720.0,,2026-05-02,NaverFinance
인카금융서비스,인카금융서비스,211050,,10820.0,,2026-05-02,NaverFinance
인투셀,인투셀,287840,,37150.0,,2026-05-02,NaverFinance
일진하이솔루스(유가),일진하이솔루스,271940,,18280.0,,2026-05-02,NaverFinance
자람테크놀로지,자람테크놀로지,389020,,52000.0,,2026-05-02,NaverFinance
자이언트스텝,자이언트스텝,289220,,3110.0,,2026-05-02,NaverFinance
자이에스앤디(유가),자이에스앤디,317400,,4825.0,,2026-05-02,NaverFinance
저스템,저스템,417840,,12070.0,,2026-05-02,NaverFinance
전진건설로봇,전진건설로봇,079900,,64100.0,,2026-05-02,NaverFinance
전진바이오팜,전진바이오팜,110020,,2380.0,,2026-05-02,NaverFinance
제노레이,제노레이,122310,,4620.0,,2026-05-02,NaverFinance
제노코,제노코,361390,,29450.0,,2026-05-02,NaverFinance
제놀루션,제놀루션,225220,,1888.0,,2026-05-02,NaverFinance
제닉스로보틱스,제닉스로보틱스,381620,,10180.0,,2026-05-02,NaverFinance
제이아이테크,제이아이테크,417500,,4580.0,,2026-05-02,NaverFinance
제이알글로벌리츠(유가),제이알글로벌리츠,348950,,1182.0,,2026-05-02,NaverFinance
제이앤티씨,제이앤티씨,204270,,19340.0,,2026-05-02,NaverFinance
제이엔비,제이엔비,452160,,6330.0,,2026-05-02,NaverFinance
제이오,제이오,418550,,11460.0,,2026-05-02,NaverFinance
제이투케이바이오,제이투케이바이오,420570,,8260.0,,2026-05-02,NaverFinance
제일엠앤에스,제일엠앤에스,412540,,3935.0,,2026-05-02,NaverFinance
제테마,제테마,216080,,7030.0,,2026-05-02,NaverFinance
젠큐릭스,젠큐릭스,229000,,2340.0,,2026-05-02,NaverFinance
조선내화,조선내화,462520,,14650.0,,2026-05-02,NaverFinance
지구홀딩스,지구홀딩스,221800,,18250.0,,2026-05-02,NaverFinance
지노믹트리,지노믹트리,228760,,17150.0,,2026-05-02,NaverFinance
지놈앤컴퍼니,지놈앤컴퍼니,314130,,7060.0,,2026-05-02,NaverFinance
지누스(유가),지누스,013890,,12910.0,,2026-05-02,NaverFinance
지니너스,지니너스,389030,,4960.0,,2026-05-02,NaverFinance
지슨,지슨,446840,,1419.0,,2026-05-02,NaverFinance
지씨지놈,지씨지놈,340450,,8470.0,,2026-05-02,NaverFinance
지아이이노베이션,지아이이노베이션,358570,,16250.0,,2026-05-02,NaverFinance
지아이텍,지아이텍,382480,,2765.0,,2026-05-02,NaverFinance
지에프씨생명과학,지에프씨생명과학,388610,,9840.0,,2026-05-02,NaverFinance
지에프아이,지에프아이,493330,,18850.0,,2026-05-02,NaverFinance
지오엘리먼트,지오엘리먼트,311320,,8460.0,,2026-05-02,NaverFinance
지투지바이오,지투지바이오,456160,,85600.0,,2026-05-02,NaverFinance
지투파워,지투파워,388050,,14610.0,,2026-05-02,NaverFinance
진시스템,진시스템,363250,,5510.0,,2026-05-02,NaverFinance
진영(구.진영엘디엠),진영,285800,,2245.0,,2026-05-02,NaverFinance
차백신연구소,차백신연구소,261780,,4100.0,,2026-05-02,NaverFinance
차이커뮤니케이션,차이커뮤니케이션,351870,,4160.0,,2026-05-02,NaverFinance
창대정밀,창대정밀,368030,,8580.0,,2026-05-02,NaverFinance
채비(구.대영채비),채비,0011T0,,21150.0,,2026-05-02,NaverFinance
천보,천보,278280,,62600.0,,2026-05-02,NaverFinance
청담글로벌,청담글로벌,362320,,5180.0,,2026-05-02,NaverFinance
카카오게임즈,카카오게임즈,293490,,12020.0,,2026-05-02,NaverFinance
카카오뱅크(유가),카카오뱅크,323410,,24350.0,,2026-05-02,NaverFinance
카카오페이(유가),카카오페이,377300,,55700.0,,2026-05-02,NaverFinance
카티스,카티스,140430,,752.0,,2026-05-02,NaverFinance
카페24,카페24,042000,,25100.0,,2026-05-02,NaverFinance
캔버스엔,캔버스엔,210120,,1446.0,,2026-05-02,NaverFinance
캡스톤파트너스,캡스톤파트너스,452300,,4455.0,,2026-05-02,NaverFinance
컨텍,컨텍,451760,,22500.0,,2026-05-02,NaverFinance
케어랩스,케어랩스,263700,,2645.0,,2026-05-02,NaverFinance
케이뱅크,케이뱅크,279570,,6220.0,,2026-05-02,NaverFinance
케이쓰리아이,케이쓰리아이,431190,,4730.0,,2026-05-02,NaverFinance
케이엔알시스템,케이엔알시스템,199430,,25900.0,,2026-05-02,NaverFinance
케이엔에스,케이엔에스,432470,,14150.0,,2026-05-02,NaverFinance
케이엔제이,케이엔제이,272110,,40100.0,,2026-05-02,NaverFinance
케이옥션,케이옥션,102370,,3175.0,,2026-05-02,NaverFinance
케이웨더,케이웨더,068100,,2600.0,,2026-05-02,NaverFinance
케이지에이,케이지에이,455180,,3025.0,,2026-05-02,NaverFinance
케이카(유가),케이카,381970,,11000.0,,2026-05-02,NaverFinance
켄코아에어로스페이스,켄코아에어로스페이스,274090,,21650.0,,2026-05-02,NaverFinance
코난테크놀로지,코난테크놀로지,402030,,20650.0,,2026-05-02,NaverFinance
코람코더원리츠(유가),코람코더원리츠,417310,,10390.0,,2026-05-02,NaverFinance
코리아에셋투자증권,코리아에셋투자증권,190650,,8710.0,,2026-05-02,NaverFinance
코셈,코셈,360350,,15000.0,,2026-05-02,NaverFinance
코어라인소프트,코어라인소프트,384470,,3805.0,,2026-05-02,NaverFinance
코윈테크,코윈테크,282880,,16980.0,,2026-05-02,NaverFinance
코츠테크놀로지,코츠테크놀로지,448710,,21600.0,,2026-05-02,NaverFinance
코칩,코칩,126730,,20950.0,,2026-05-02,NaverFinance
쿠콘,쿠콘,294570,,29850.0,,2026-05-02,NaverFinance
쿼드메디슨,쿼드메디슨,464490,,13380.0,,2026-05-02,NaverFinance
퀀타매트릭스,퀀타매트릭스,317690,,3910.0,,2026-05-02,NaverFinance
퀄리타스반도체,퀄리타스반도체,432720,,25050.0,,2026-05-02,NaverFinance
큐라켐,큐라켐,456190,,7000.0,,2026-05-02,NaverFinance
큐라클,큐라클,365270,,17800.0,,2026-05-02,NaverFinance
큐라티스,큐라티스,348080,,848.0,,2026-05-02,NaverFinance
큐로셀,큐로셀,372320,,58100.0,,2026-05-02,NaverFinance
큐리오시스,큐리오시스,494120,,52000.0,,2026-05-02,NaverFinance
큐리옥스바이오시스템즈,큐리옥스바이오시스템즈,445680,,102100.0,,2026-05-02,NaverFinance
큐알티,큐알티,405100,,21100.0,,2026-05-02,NaverFinance
크라우드웍스,크라우드웍스,355390,,3425.0,,2026-05-02,NaverFinance
크래프톤(유가),크래프톤,259960,,265000.0,,2026-05-02,NaverFinance
크리스에프앤씨,크리스에프앤씨,110790,,3970.0,,2026-05-02,NaverFinance
클라우드엣지,클라우드엣지,480030,,10905.0,,2026-05-02,NaverFinance
클로봇,클로봇,466100,,49950.0,,2026-05-02,NaverFinance
키스트론,키스트론,475430,,5860.0,,2026-05-02,NaverFinance
키움스팩10호,키움스팩10호,487720,,2040.0,,2026-05-02,NaverFinance
키움스팩11호,키움스팩11호,489480,,2035.0,,2026-05-02,NaverFinance
키움히어로스팩1호,키움히어로스팩1호,466690,,2015.0,,2026-05-02,NaverFinance
키움히어로스팩2호,키움히어로스팩2호,0131D0,,2000.0,,2026-05-02,NaverFinance
타조이엔터테인먼트,타조이엔터테인먼트,476710,,16980.0,,2026-05-02,NaverFinance
탑런토탈솔루션,탑런토탈솔루션,336680,,3875.0,,2026-05-02,NaverFinance
탑머티리얼,탑머티리얼,360070,,20300.0,,2026-05-02,NaverFinance
태웅로직스,태웅로직스,124560,,2615.0,,2026-05-02,NaverFinance
테라뷰,테라뷰,950250,,6770.0,,2026-05-02,NaverFinance
토마토시스템,토마토시스템,393210,,4505.0,,2026-05-02,NaverFinance
토모큐브,토모큐브,475960,,55800.0,,2026-05-02,NaverFinance
툴젠,툴젠,199800,,83500.0,,2026-05-02,NaverFinance
트루엔,트루엔,417790,,7910.0,,2026-05-02,NaverFinance
트윔,트윔,290090,,6670.0,,2026-05-02,NaverFinance
티디에스팜,티디에스팜,464280,,9260.0,,2026-05-02,NaverFinance
티로보틱스,티로보틱스,117730,,22700.0,,2026-05-02,NaverFinance
티쓰리엔터테인먼트,티쓰리엔터테인먼트,204610,,3515.0,,2026-05-02,NaverFinance
티씨머티리얼즈,티씨머티리얼즈,125020,,8430.0,,2026-05-02,NaverFinance
티앤알바이오팹,티앤알바이오팹,246710,,2960.0,,2026-05-02,NaverFinance
티앤엘,티앤엘,340570,,61200.0,,2026-05-02,NaverFinance
티에스아이,티에스아이,277880,,5620.0,,2026-05-02,NaverFinance
티에프이,티에프이,425420,,67000.0,,2026-05-02,NaverFinance
티엑스알로보틱스,티엑스알로보틱스,484810,,19450.0,,2026-05-02,NaverFinance
티엘비,티엘비,356860,,87500.0,,2026-05-02,NaverFinance
티엠씨,티엠씨,217590,,28950.0,,2026-05-02,NaverFinance
티움바이오,티움바이오,321550,,13140.0,,2026-05-02,NaverFinance
티이엠씨,티이엠씨,425040,,17160.0,,2026-05-02,NaverFinance
파두,파두,440110,,78200.0,,2026-05-02,NaverFinance
파라다이스,파라다이스,034230,,15850.0,,2026-05-02,NaverFinance
파라택시스이더리움,파라택시스이더리움,290560,,1795.0,,2026-05-02,NaverFinance
파로스아이바이오,파로스아이바이오,388870,,9150.0,,2026-05-02,NaverFinance
파워넷,파워넷,037030,,5730.0,,2026-05-02,NaverFinance
파인메딕스,파인메딕스,387570,,7700.0,,2026-05-02,NaverFinance
팜스빌,팜스빌,318010,,3700.0,,2026-05-02,NaverFinance
팡스카이,팡스카이,266350,,398.0,,2026-05-02,NaverFinance
팸텍,팸텍,271830,,1570.0,,2026-05-02,NaverFinance
펌텍코리아,펌텍코리아,251970,,41400.0,,2026-05-02,NaverFinance
페스카로,페스카로,0015S0,,15090.0,,2026-05-02,NaverFinance
펨트론,펨트론,168360,,25800.0,,2026-05-02,NaverFinance
포바이포,포바이포,389140,,8870.0,,2026-05-02,NaverFinance
포스뱅크,포스뱅크,105760,,5660.0,,2026-05-02,NaverFinance
포스코DX,포스코dx,022100,,34900.0,,2026-05-02,NaverFinance
포인트모바일,포인트모바일,318020,,3725.0,,2026-05-02,NaverFinance
폰드그룹,폰드그룹,472850,,5850.0,,2026-05-02,NaverFinance
푸드나무,푸드나무,290720,,3440.0,,2026-05-02,NaverFinance
풍원정밀,풍원정밀,371950,,10640.0,,2026-05-02,NaverFinance
퓨런티어,퓨런티어,370090,,13970.0,,2026-05-02,NaverFinance
퓨릿,퓨릿,445180,,12690.0,,2026-05-02,NaverFinance
프레스티지바이오로직스,프레스티지바이오로직스,334970,,2380.0,,2026-05-02,NaverFinance
프레스티지바이오파마(유가),프레스티지바이오파마,950210,,8910.0,,2026-05-02,NaverFinance
프로젠,프로젠,296160,,4770.0,,2026-05-02,NaverFinance
프로티나,프로티나,468530,,56400.0,,2026-05-02,NaverFinance
프로티아,프로티아,303360,,5010.0,,2026-05-02,NaverFinance
프롬바이오,프롬바이오,377220,,1269.0,,2026-05-02,NaverFinance
프리시젼바이오,프리시젼바이오,335810,,2265.0,,2026-05-02,NaverFinance
플라즈맵,플라즈맵,405000,,7690.0,,2026-05-02,NaverFinance
플래티어,플래티어,367000,,4000.0,,2026-05-02,NaverFinance
플레이디,플레이디,237820,,4690.0,,2026-05-02,NaverFinance
플리토,플리토,300080,,11520.0,,2026-05-02,NaverFinance
피아이이,피아이이,452450,,6910.0,,2026-05-02,NaverFinance
피앤에스로보틱스,피앤에스로보틱스,460940,,8180.0,,2026-05-02,NaverFinance
피엔에이치테크,피엔에이치테크,239890,,6190.0,,2026-05-02,NaverFinance
피엔케이피부임상연구센타,피엔케이피부임상연구센타,347740,,2495.0,,2026-05-02,NaverFinance
피코그램,피코그램,376180,,2925.0,,2026-05-02,NaverFinance
피플바이오,피플바이오,304840,,1329.0,,2026-05-02,NaverFinance
핀텔,핀텔,291810,,1875.0,,2026-05-02,NaverFinance
필에너지,필에너지,378340,,19970.0,,2026-05-02,NaverFinance
핌스,핌스,347770,,2110.0,,2026-05-02,NaverFinance
핑거,핑거,163730,,18950.0,,2026-05-02,NaverFinance
하나기술,하나기술,299030,,31850.0,,2026-05-02,NaverFinance
하나스팩30호,하나스팩30호,469880,,2085.0,,2026-05-02,NaverFinance
하나스팩31호,하나스팩31호,469900,,2060.0,,2026-05-02,NaverFinance
하나스팩32호,하나스팩32호,475240,,2080.0,,2026-05-02,NaverFinance
하나스팩33호,하나스팩33호,475250,,2090.0,,2026-05-02,NaverFinance
하나스팩34호,하나스팩34호,484130,,2045.0,,2026-05-02,NaverFinance
하나스팩35호,하나스팩35호,0041L0,,2010.0,,2026-05-02,NaverFinance
하나스팩36호,하나스팩36호,0101C0,,1999.0,,2026-05-02,NaverFinance
하나제약(유가),하나제약,293480,,9810.0,,2026-05-02,NaverFinance
하스,하스,450330,,7140.0,,2026-05-02,NaverFinance
하이브(구.빅히트)(유가),하이브,352820,,263000.0,,2026-05-02,NaverFinance
하이젠알앤엠,하이젠알앤엠,160190,,43600.0,,2026-05-02,NaverFinance
한국스팩13호,한국스팩13호,464440,,2085.0,,2026-05-02,NaverFinance
한국스팩15호,한국스팩15호,479880,,2050.0,,2026-05-02,NaverFinance
한국유니온제약,한국유니온제약,080720,,2725.0,,2026-05-02,NaverFinance
한국파마,한국파마,032300,,11600.0,,2026-05-02,NaverFinance
한국피아이엠,한국피아이엠,448900,,107700.0,,2026-05-02,NaverFinance
한독크린텍,한독크린텍,256150,,5450.0,,2026-05-02,NaverFinance
한라캐스트,한라캐스트,125490,,17130.0,,2026-05-02,NaverFinance
한빛레이저,한빛레이저,452190,,7960.0,,2026-05-02,NaverFinance
한선엔지니어링,한선엔지니어링,452280,,22000.0,,2026-05-02,NaverFinance
한싹,한싹,430690,,4760.0,,2026-05-02,NaverFinance
한주라이트메탈(구.한주금속),한주라이트메탈,198940,,861.0,,2026-05-02,NaverFinance
한중엔시에스,한중엔시에스,107640,,67100.0,,2026-05-02,NaverFinance
한컴라이프케어(유가),한컴라이프케어,372910,,2590.0,,2026-05-02,NaverFinance
한켐,한켐,457370,,9280.0,,2026-05-02,NaverFinance
한텍,한텍,098070,,47300.0,,2026-05-02,NaverFinance
한패스,한패스,408470,,15310.0,,2026-05-02,NaverFinance
한화비전,한화비전,489790,,86200.0,,2026-05-02,NaverFinance
한화시스템(유가),한화시스템,272210,,117300.0,,2026-05-02,NaverFinance
한화플러스스팩5호,한화플러스스팩5호,498390,,2040.0,,2026-05-02,NaverFinance
현대사료,현대사료,016790,,994.0,,2026-05-02,NaverFinance
현대오토에버(유가),현대오토에버,307950,,450500.0,,2026-05-02,NaverFinance
현대힘스,현대힘스,460930,,19900.0,,2026-05-02,NaverFinance
휴네시온,휴네시온,290270,,4210.0,,2026-05-02,NaverFinance
미트박스글로벌,미트박스글로벌,475460,,8350.0,,2026-04-30,NaverFinance
에스퓨얼셀,에스퓨얼셀,288620,,10790.0,,2026-04-29,NaverFinance
네오펙트,네오펙트,290660,,1123.0,,2026-04-28,NaverFinance
슈어소프트테크,슈어소프트테크,298830,,7520.0,,2026-04-25,NaverFinance
에스씨엠생명과학,에스씨엠생명과학,298060,,927.0,,2026-04-23,NaverFinance
캐리소프트,캐리소프트,317530,,4140.0,,2026-04-23,NaverFinance
SK오션플랜트,sk오션플랜트,100090,,23100.0,,2026-04-18,NaverFinance
상상인스팩4호,상상인스팩4호,452670,,2100.0,,2026-04-18,NaverFinance
셀바이오휴먼텍,셀바이오휴먼텍,318160,,7500.0,,2026-04-18,NaverFinance
엠투아이,엠투아이,347890,,5460.0,,2026-04-18,NaverFinance
대신밸런스스팩16호,대신밸런스스팩16호,457630,,2095.0,,2026-04-15,NaverFinance
티웨이항공(유가),티웨이항공,091810,,949.0,,2026-04-15,NaverFinance
한화플러스스팩4호,한화플러스스팩4호,455310,,2100.0,,2026-04-15,NaverFinance
메쥬,메쥬,000088,,42650.0,-16.86,2026-03-26,38
카나프테라퓨틱스,카나프테라퓨틱스,000082,,36200.0,-5.97,2026-03-16,38
액스비스,액스비스,000011,,26450.0,-5.87,2026-03-09,38
덕양에너젠,덕양에너젠,000001,,18820.0,-3.49,2026-01-30,38
삼진식품,삼진식품,000013,,7350.0,-2.13,2025-12-22,38
아크릴,아크릴,000007,,38800.0,1.04,2025-12-16,38
에임드바이오,에임드바이오,000009,,46850.0,-3.9,2025-12-04,38
그린광학,그린광학,000015,,32700.0,-1.51,2025-11-17,38
제이피아이헬스케어(구.정원정밀공업),제이피아이헬스케어,000010,,12200.0,-0.73,2025-08-21,38
에스엔시스,에스엔시스,000008,,42300.0,-5.79,2025-08-19,38
대신밸류리츠(유가),대신밸류리츠,000030,,4325.0,-0.92,2025-07-10,38
