name,group,ticker,last,change_pct,asof
KOSPI,국내지수,^KS11,2764.3,0.52,2026-03-25 09:10 KST
KOSDAQ,국내지수,^KQ11,918.2,0.41,2026-03-25 09:10 KST
USD/KRW,환율,KRW=X,1327.5,-0.18,2026-03-25 09:10 KST
S&P 500,해외지수,^GSPC,5942.8,0.12,2026-03-25 09:10 KST
NASDAQ,해외지수,^IXIC,18764.1,0.23,2026-03-25 09:10 KST
S&P500 Futures,선물,ES=F,5958.0,0.16,2026-03-25 09:10 KST
NASDAQ100 Futures,선물,NQ=F,20984.0,0.22,2026-03-25 09:10 KST
WTI,원자재,CL=F,73.4,-0.35,2026-03-25 09:10 KST
Gold,원자재,GC=F,2179.6,0.44,2026-03-25 09:10 KST
