symbol,name,corp_code,listing_date,lockup_term,lockup_end_date,unlock_date,unlock_type,holder_group,holder_name,relation,unlock_shares,unlock_ratio,source_report_nm,source_rcept_no,source_section,source_file,parse_confidence,note
000001,덕양에너젠,01516933,2026-01-30,3M,2026-04-29,2026-04-30,lead_manager_mandatory_hold,lead_manager,상장주선인,상장주선인 의무취득분,1875000.0,,[기재정정]투자설명서,20260119000299,상장규정에 따른 상장주선인의 의무 취득분에 관한 사항,20260119000299.xml,medium,
000007,아크릴,01829819,2025-12-16,3M,2026-03-15,2026-03-16,lead_manager_mandatory_hold,lead_manager,상장주선인,상장주선인 의무취득분,1800000.0,,[기재정정]투자설명서,20251203000196,상장규정에 따른 상장주선인의 의무 취득분에 관한 사항,20251203000196.xml,medium,
000008,에스엔시스,01294110,2025-08-19,3M,2025-11-18,2025-11-19,lead_manager_mandatory_hold,lead_manager,상장주선인,상장주선인 의무취득분,475000.0,,[기재정정]투자설명서,20250805000196,상장규정에 따른 상장주선인의 의무 취득분에 관한 사항,20250805000196.xml,medium,
000009,에임드바이오,01781999,2025-12-04,3M,2026-03-03,2026-03-04,lead_manager_mandatory_hold,lead_manager,상장주선인,상장주선인 의무취득분,1607500.0,,[기재정정]투자설명서,20251120000448,상장규정에 따른 상장주선인의 의무 취득분에 관한 사항,20251120000448.xml,medium,
000011,액스비스,01554508,2026-03-09,3M,2026-06-08,2026-06-09,lead_manager_mandatory_hold,lead_manager,상장주선인,상장주선인 의무취득분,575000.0,,[기재정정]투자설명서,20260219002071,상장규정에 따른 상장주선인의 의무 취득분에 관한 사항,20260219002071.xml,medium,
000015,그린광학,00677486,2025-11-17,3M,2026-02-16,2026-02-17,lead_manager_mandatory_hold,lead_manager,상장주선인,상장주선인 의무취득분,500000.0,,[기재정정]투자설명서,20251105000066,상장규정에 따른 상장주선인의 의무 취득분에 관한 사항,20251105000066.xml,medium,
000015,아로마티카,01381805,2025-11-27,3M,2026-02-26,2026-02-27,lead_manager_mandatory_hold,lead_manager,상장주선인,상장주선인 의무취득분,750000.0,,[기재정정]투자설명서,20251117000058,상장규정에 따른 상장주선인의 의무 취득분에 관한 사항,20251117000058.xml,medium,
000015,페스카로,01817920,2025-12-10,3M,2026-03-09,2026-03-10,lead_manager_mandatory_hold,lead_manager,상장주선인,상장주선인 의무취득분,325000.0,,[기재정정]투자설명서,20251128001954,상장규정에 따른 상장주선인의 의무 취득분에 관한 사항,20251128001954.xml,medium,
000082,카나프테라퓨틱스,01782183,2026-03-16,3M,2026-06-15,2026-06-16,lead_manager_mandatory_hold,lead_manager,상장주선인,상장주선인 의무취득분,32000.0,,[기재정정]투자설명서,20260304001117,상장규정에 따른 상장주선인의 의무 취득분에 관한 사항,20260304001117.xml,medium,
000088,메쥬,01780608,2026-03-26,3M,2026-06-25,2026-06-26,lead_manager_mandatory_hold,lead_manager,상장주선인,상장주선인 의무취득분,336250.0,,[기재정정]투자설명서,20260313000316,상장규정에 따른 상장주선인의 의무 취득분에 관한 사항,20260313000316.xml,medium,
036220,오상헬스케어,00260657,2024-03-13,3M,2024-06-12,2024-06-13,lead_manager_mandatory_hold,lead_manager,상장주선인,상장주선인 의무취득분,990000.0,,[기재정정]투자설명서,20240229002405,상장규정에 따른 상장주선인의 의무 취득분에 관한 사항,20240229002405.xml,medium,
044990,에이치엔에스하이텍,00311216,2024-10-25,3M,2025-01-24,2025-01-25,lead_manager_mandatory_hold,lead_manager,상장주선인,상장주선인 의무취득분,125000.0,,[기재정정]투자설명서,20241011000544,상장규정에 따른 상장주선인의 의무 취득분에 관한 사항,20241011000544.xml,medium,
061090,세나테크놀로지,01010615,2025-11-14,3M,2026-02-13,2026-02-14,lead_manager_mandatory_hold,lead_manager,상장주선인,상장주선인 의무취득분,140000.0,,[기재정정]투자설명서,20251031000255,상장규정에 따른 상장주선인의 의무 취득분에 관한 사항,20251031000255.xml,medium,
068100,케이웨더,00426828,2024-02-22,3M,2024-05-21,2024-05-22,lead_manager_mandatory_hold,lead_manager,상장주선인,상장주선인 의무취득분,250000.0,,[기재정정]투자설명서,20240208000060,상장규정에 따른 상장주선인의 의무 취득분에 관한 사항,20240208000060.xml,medium,
081180,쎄크,00406222,2025-04-28,3M,2025-07-27,2025-07-28,lead_manager_mandatory_hold,lead_manager,상장주선인,상장주선인 의무취득분,90000.0,,[기재정정]투자설명서,20250416000425,상장규정에 따른 상장주선인의 의무 취득분에 관한 사항,20250416000425.xml,medium,
088280,쏘닉스,00561723,2023-11-07,3M,2024-02-06,2024-02-07,lead_manager_mandatory_hold,lead_manager,상장주선인,상장주선인 의무취득분,100000.0,,[기재정정]투자설명서,20231025000089,상장규정에 따른 상장주선인의 의무 취득분에 관한 사항,20231025000089.xml,medium,
088340,유라클,00407294,2024-08-16,3M,2024-11-15,2024-11-16,lead_manager_mandatory_hold,lead_manager,상장주선인,상장주선인 의무취득분,23000.0,,[기재정정]투자설명서,20240805000137,상장규정에 따른 상장주선인의 의무 취득분에 관한 사항,20240805000137.xml,medium,
096250,와이즈넛,00351427,2025-01-24,3M,2025-04-23,2025-04-24,lead_manager_mandatory_hold,lead_manager,상장주선인,상장주선인 의무취득분,900000.0,,[기재정정]투자설명서,20250114000178,상장규정에 따른 상장주선인의 의무 취득분에 관한 사항,20250114000178.xml,medium,
098070,한텍,00404941,2025-03-20,3M,2025-06-19,2025-06-20,lead_manager_mandatory_hold,lead_manager,상장주선인,상장주선인 의무취득분,827250.0,,[기재정정]투자설명서,20250305000420,상장규정에 따른 상장주선인의 의무 취득분에 관한 사항,20250305000420.xml,medium,
105760,포스뱅크,00862312,2024-01-29,3M,2024-04-28,2024-04-29,lead_manager_mandatory_hold,lead_manager,상장주선인,상장주선인 의무취득분,375000.0,,[기재정정]투자설명서,20240116000012,상장규정에 따른 상장주선인의 의무 취득분에 관한 사항,20240116000012.xml,medium,
107640,한중엔시에스,00474588,2024-06-24,3M,2024-09-23,2024-09-24,lead_manager_mandatory_hold,lead_manager,상장주선인,상장주선인 의무취득분,160000.0,,[기재정정]투자설명서,20240607000186,상장규정에 따른 상장주선인의 의무 취득분에 관한 사항,20240607000186.xml,medium,
125490,한라캐스트,00683061,2025-08-20,3M,2025-11-19,2025-11-20,lead_manager_mandatory_hold,lead_manager,상장주선인,상장주선인 의무취득분,1875000.0,,[기재정정]투자설명서,20250808000386,상장규정에 따른 상장주선인의 의무 취득분에 관한 사항,20250808000386.xml,medium,
126730,코칩,00446901,2024-05-07,3M,2024-08-06,2024-08-07,lead_manager_mandatory_hold,lead_manager,상장주선인,상장주선인 의무취득분,20000.0,,[기재정정]투자설명서,20240423000282,상장규정에 따른 상장주선인의 의무 취득분에 관한 사항,20240423000282.xml,medium,
136150,원일티엔아이,00488244,2025-05-09,3M,2025-08-08,2025-08-09,lead_manager_mandatory_hold,lead_manager,상장주선인,상장주선인 의무취득분,36000.0,,[기재정정]투자설명서,20250423000263,상장규정에 따른 상장주선인의 의무 취득분에 관한 사항,20250423000263.xml,medium,
145170,노브랜드,00305941,2024-05-23,3M,2024-08-22,2024-08-23,lead_manager_mandatory_hold,lead_manager,상장주선인,상장주선인 의무취득분,300000.0,,[기재정정]투자설명서,20240510000093,상장규정에 따른 상장주선인의 의무 취득분에 관한 사항,20240510000093.xml,medium,
160190,하이젠알앤엠,00650771,2024-06-27,3M,2024-09-26,2024-09-27,lead_manager_mandatory_hold,lead_manager,상장주선인,상장주선인 의무취득분,850000.0,,[기재정정]투자설명서,20240617000114,상장규정에 따른 상장주선인의 의무 취득분에 관한 사항,20240617000114.xml,medium,
163280,에어레인,01663116,2024-11-08,3M,2025-02-07,2025-02-08,lead_manager_mandatory_hold,lead_manager,상장주선인,상장주선인 의무취득분,300000.0,,[기재정정]투자설명서,20241023000153,상장규정에 따른 상장주선인의 의무 취득분에 관한 사항,20241023000153.xml,medium,
172670,에이엘티,00493325,2023-07-27,3M,2023-10-26,2023-10-27,lead_manager_mandatory_hold,lead_manager,상장주선인,상장주선인 의무취득분,225000.0,,[기재정정]투자설명서,20230714000229,상장규정에 따른 상장주선인의 의무 취득분에 관한 사항,20230714000229.xml,medium,
176750,듀켐바이오,00867034,2024-12-20,3M,2025-03-19,2025-03-20,lead_manager_mandatory_hold,lead_manager,상장주선인,상장주선인 의무취득분,983200.0,,[기재정정]투자설명서,20241210000174,상장규정에 따른 상장주선인의 의무 취득분에 관한 사항,20241210000174.xml,medium,
177900,쓰리에이로직스,00870065,2024-12-24,3M,2025-03-23,2025-03-24,lead_manager_mandatory_hold,lead_manager,상장주선인,상장주선인 의무취득분,63200.0,,[기재정정]투자설명서,20241212000615,상장규정에 따른 상장주선인의 의무 취득분에 관한 사항,20241212000615.xml,medium,
199430,케이엔알시스템,00672603,2024-03-07,3M,2024-06-06,2024-06-07,lead_manager_mandatory_hold,lead_manager,상장주선인,상장주선인 의무취득분,120000.0,,[기재정정]투자설명서,20240223002199,상장규정에 따른 상장주선인의 의무 취득분에 관한 사항,20240223002199.xml,medium,
199480,뱅크웨어글로벌,01138595,2024-08-12,3M,2024-11-11,2024-11-12,lead_manager_mandatory_hold,lead_manager,상장주선인,상장주선인 의무취득분,42000.0,,[기재정정]투자설명서,20240731000220,상장규정에 따른 상장주선인의 의무 취득분에 관한 사항,20240731000220.xml,medium,
209640,와이제이링크,01023211,2024-10-18,3M,2025-01-17,2025-01-18,lead_manager_mandatory_hold,lead_manager,상장주선인,상장주선인 의무취득분,890000.0,,[기재정정]투자설명서,20241007000470,상장규정에 따른 상장주선인의 의무 취득분에 관한 사항,20241007000470.xml,medium,
210120,캔버스엔,00550082,2023-08-17,6M,2024-02-16,2024-02-17,lead_manager_mandatory_hold,lead_manager,상장주선인,상장주선인 의무취득분,117050.0,,[기재정정]투자설명서,20230804000171,상장규정에 따른 상장주선인의 의무 취득분에 관한 사항,20230804000171.xml,medium,
212710,아이에스티이,01208751,2025-02-12,3M,2025-05-11,2025-05-12,lead_manager_mandatory_hold,lead_manager,상장주선인,상장주선인 의무취득분,325000.0,,[기재정정]투자설명서,20250131000263,상장규정에 따른 상장주선인의 의무 취득분에 관한 사항,20250131000263.xml,medium,
221800,유투바이오,01026616,2023-11-02,6M,2024-05-01,2024-05-02,lead_manager_mandatory_hold,lead_manager,상장주선인,상장주선인 의무취득분,282180.0,,[기재정정]투자설명서,20231020000560,상장규정에 따른 상장주선인의 의무 취득분에 관한 사항,20231020000560.xml,medium,
226590,엠디바이스,01022142,2025-03-07,3M,2025-06-06,2025-06-07,lead_manager_mandatory_hold,lead_manager,상장주선인,상장주선인 의무취득분,126000.0,,[기재정정]투자설명서,20250221000442,상장규정에 따른 상장주선인의 의무 취득분에 관한 사항,20250221000442.xml,medium,
232830,아이티센피엔에스,01113499,2023-06-29,3M,2023-09-28,2023-09-29,lead_manager_mandatory_hold,lead_manager,상장주선인,상장주선인 의무취득분,487000.0,,[기재정정]투자설명서,20230619000136,상장규정에 따른 상장주선인의 의무 취득분에 관한 사항,20230619000136.xml,medium,
234030,싸이닉솔루션,00874168,2025-07-07,3M,2025-10-06,2025-10-07,lead_manager_mandatory_hold,lead_manager,상장주선인,상장주선인 의무취득분,875000.0,,[기재정정]투자설명서,20250624000262,상장규정에 따른 상장주선인의 의무 취득분에 관한 사항,20250624000262.xml,medium,
240600,유진테크놀로지,01085026,2023-11-02,3M,2024-02-01,2024-02-02,lead_manager_mandatory_hold,lead_manager,상장주선인,상장주선인 의무취득분,262371.0,,[기재정정]투자설명서,20231019000214,상장규정에 따른 상장주선인의 의무 취득분에 관한 사항,20231019000214.xml,medium,
246250,에스엘에스바이오,01112700,2023-10-20,6M,2024-04-19,2024-04-20,lead_manager_mandatory_hold,lead_manager,상장주선인,상장주선인 의무취득분,192500.0,,[기재정정]투자설명서,20230926000456,상장규정에 따른 상장주선인의 의무 취득분에 관한 사항,20230926000456.xml,medium,
261520,이지스,01211889,2025-12-11,3M,2026-03-10,2026-03-11,lead_manager_mandatory_hold,lead_manager,상장주선인,상장주선인 의무취득분,375000.0,,[기재정정]투자설명서,20251201000407,상장규정에 따른 상장주선인의 의무 취득분에 관한 사항,20251201000407.xml,medium,
274400,이노시뮬레이션,00965318,2023-07-06,3M,2023-10-05,2023-10-06,lead_manager_mandatory_hold,lead_manager,상장주선인,상장주선인 의무취득분,225000.0,,[기재정정]투자설명서,20230626000075,상장규정에 따른 상장주선인의 의무 취득분에 관한 사항,20230626000075.xml,medium,
287840,인투셀,01374443,2025-05-23,3M,2025-08-22,2025-08-23,lead_manager_mandatory_hold,lead_manager,상장주선인,상장주선인 의무취득분,150000.0,,[기재정정]투자설명서,20250512000691,상장규정에 따른 상장주선인의 의무 취득분에 관한 사항,20250512000691.xml,medium,
289930,웨이비스,01270749,2024-10-25,3M,2025-01-24,2025-01-25,lead_manager_mandatory_hold,lead_manager,상장주선인,상장주선인 의무취득분,372500.0,,[기재정정]투자설명서,20241016000086,상장규정에 따른 상장주선인의 의무 취득분에 관한 사항,20241016000086.xml,medium,
295310,에이치브이엠,01011368,2024-06-28,3M,2024-09-27,2024-09-28,lead_manager_mandatory_hold,lead_manager,상장주선인,상장주선인 의무취득분,600000.0,,[기재정정]투자설명서,20240618000228,상장규정에 따른 상장주선인의 의무 취득분에 관한 사항,20240618000228.xml,medium,
303810,동국생명과학,01233465,2025-02-17,3M,2025-05-16,2025-05-17,lead_manager_mandatory_hold,lead_manager,상장주선인,상장주선인 의무취득분,60000.0,,[기재정정]투자설명서,20250131000485,상장규정에 따른 상장주선인의 의무 취득분에 관한 사항,20250131000485.xml,medium,
308430,셀비온,01275489,2024-10-16,3M,2025-01-15,2025-01-16,lead_manager_mandatory_hold,lead_manager,상장주선인,상장주선인 의무취득분,477750.0,,[기재정정]투자설명서,20241004000369,상장규정에 따른 상장주선인의 의무 취득분에 관한 사항,20241004000369.xml,medium,
309710,아이티켐,00914341,2025-08-07,3M,2025-11-06,2025-11-07,lead_manager_mandatory_hold,lead_manager,상장주선인,상장주선인 의무취득분,400000.0,,[기재정정]투자설명서,20250725000522,상장규정에 따른 상장주선인의 의무 취득분에 관한 사항,20250725000522.xml,medium,
317450,명인제약,00179489,2025-10-01,6M,2026-03-31,2026-04-01,lead_manager_mandatory_hold,lead_manager,상장주선인,상장주선인 의무취득분,34000.0,,[기재정정]투자설명서,20250917000213,상장규정에 따른 상장주선인의 의무 취득분에 관한 사항,20250917000213.xml,medium,
318060,그래피,01565054,2025-08-25,3M,2025-11-24,2025-11-25,lead_manager_mandatory_hold,lead_manager,상장주선인,상장주선인 의무취득분,97500.0,,[기재정정]투자설명서,20250808000193,상장규정에 따른 상장주선인의 의무 취득분에 관한 사항,20250808000193.xml,medium,
321370,센서뷰,01593668,2023-07-19,3M,2023-10-18,2023-10-19,lead_manager_mandatory_hold,lead_manager,상장주선인,상장주선인 의무취득분,975000.0,,[기재정정]투자설명서,20230706000212,상장규정에 따른 상장주선인의 의무 취득분에 관한 사항,20230706000212.xml,medium,
331740,아우토크립트,01649620,2025-07-15,3M,2025-10-14,2025-10-15,lead_manager_mandatory_hold,lead_manager,상장주선인,상장주선인 의무취득분,1791060.0,,[기재정정]투자설명서,20250702000147,상장규정에 따른 상장주선인의 의무 취득분에 관한 사항,20250702000147.xml,medium,
336680,탑런토탈솔루션,00814582,2024-11-01,3M,2025-01-31,2025-02-01,lead_manager_mandatory_hold,lead_manager,상장주선인,상장주선인 의무취득분,1875000.0,,[기재정정]투자설명서,20241022000215,상장규정에 따른 상장주선인의 의무 취득분에 관한 사항,20241022000215.xml,medium,
338840,와이바이오로직스,01226234,2023-12-05,3M,2024-03-04,2024-03-05,lead_manager_mandatory_hold,lead_manager,상장주선인,상장주선인 의무취득분,375000.0,,[기재정정]투자설명서,20231121000052,상장규정에 따른 상장주선인의 의무 취득분에 관한 사항,20231121000052.xml,medium,
340450,지씨지놈,01432598,2025-06-11,3M,2025-09-10,2025-09-11,lead_manager_mandatory_hold,lead_manager,상장주선인,상장주선인 의무취득분,1000000.0,,[기재정정]투자설명서,20250527000211,상장규정에 따른 상장주선인의 의무 취득분에 관한 사항,20250527000211.xml,medium,
347850,디앤디파마텍,01376715,2024-05-02,3M,2024-08-01,2024-08-02,lead_manager_mandatory_hold,lead_manager,상장주선인,상장주선인 의무취득분,19600.0,,[기재정정]투자설명서,20240419000511,상장규정에 따른 상장주선인의 의무 취득분에 관한 사항,20240419000511.xml,medium,
352090,스톰테크,01226270,2023-11-20,3M,2024-02-19,2024-02-20,lead_manager_mandatory_hold,lead_manager,상장주선인,상장주선인 의무취득분,3350000.0,,[기재정정]투자설명서,20231108000514,상장규정에 따른 상장주선인의 의무 취득분에 관한 사항,20231108000514.xml,medium,
354320,알멕,00229030,2023-06-30,3M,2023-09-29,2023-09-30,lead_manager_mandatory_hold,lead_manager,상장주선인,상장주선인 의무취득분,250000.0,,[기재정정]투자설명서,20230616000539,상장규정에 따른 상장주선인의 의무 취득분에 관한 사항,20230616000539.xml,medium,
355690,에이텀,01444380,2023-12-01,3M,2024-02-29,2024-03-01,lead_manager_mandatory_hold,lead_manager,상장주선인,상장주선인 의무취득분,162500.0,,[기재정정]투자설명서,20231117000118,상장규정에 따른 상장주선인의 의무 취득분에 관한 사항,20231117000118.xml,medium,
360350,코셈,01493793,2024-02-23,3M,2024-05-22,2024-05-23,lead_manager_mandatory_hold,lead_manager,상장주선인,상장주선인 의무취득분,150000.0,,[기재정정]투자설명서,20240206000494,상장규정에 따른 상장주선인의 의무 취득분에 관한 사항,20240206000494.xml,medium,
365330,에스와이스틸텍,01135084,2023-11-13,3M,2024-02-12,2024-02-13,lead_manager_mandatory_hold,lead_manager,상장주선인,상장주선인 의무취득분,700000.0,,[기재정정]투자설명서,20231031000078,상장규정에 따른 상장주선인의 의무 취득분에 관한 사항,20231031000078.xml,medium,
372320,큐로셀,01492651,2023-11-09,3M,2024-02-08,2024-02-09,lead_manager_mandatory_hold,lead_manager,상장주선인,상장주선인 의무취득분,1600000.0,,[기재정정]투자설명서,20231031000021,상장규정에 따른 상장주선인의 의무 취득분에 관한 사항,20231031000021.xml,medium,
373110,엑셀세라퓨틱스,01492217,2024-07-15,3M,2024-10-14,2024-10-15,lead_manager_mandatory_hold,lead_manager,상장주선인,상장주선인 의무취득분,25600.0,,[기재정정]투자설명서,20240702000349,상장규정에 따른 상장주선인의 의무 취득분에 관한 사항,20240702000349.xml,medium,
373160,데이원컴퍼니,01455492,2025-01-24,3M,2025-04-23,2025-04-24,lead_manager_mandatory_hold,lead_manager,상장주선인,상장주선인 의무취득분,340250.0,,[기재정정]투자설명서,20250114000477,상장규정에 따른 상장주선인의 의무 취득분에 관한 사항,20250114000477.xml,medium,
373170,엠아이큐브솔루션,01497142,2023-08-04,3M,2023-11-03,2023-11-04,lead_manager_mandatory_hold,lead_manager,상장주선인,상장주선인 의무취득분,302500.0,,[기재정정]투자설명서,20230725000131,상장규정에 따른 상장주선인의 의무 취득분에 관한 사항,20230725000131.xml,medium,
376270,HEM파마,01480708,2024-11-05,3M,2025-02-04,2025-02-05,lead_manager_mandatory_hold,lead_manager,상장주선인,상장주선인 의무취득분,174250.0,,[기재정정]투자설명서,20241022000107,상장규정에 따른 상장주선인의 의무 취득분에 관한 사항,20241022000107.xml,medium,
376900,로킷헬스케어,01335143,2025-05-12,1M,2025-06-11,2025-06-12,lead_manager_mandatory_hold,lead_manager,상장주선인,상장주선인 의무취득분,390000.0,,[기재정정]투자설명서,20250422000104,상장규정에 따른 상장주선인의 의무 취득분에 관한 사항,20250422000104.xml,medium,
378340,필에너지,01488320,2023-07-14,3M,2023-10-13,2023-10-14,lead_manager_mandatory_hold,lead_manager,상장주선인,상장주선인 의무취득분,196875.0,,[기재정정]투자설명서,20230704000143,상장규정에 따른 상장주선인의 의무 취득분에 관한 사항,20230704000143.xml,medium,
380550,뉴로핏,01782004,2025-07-25,3M,2025-10-24,2025-10-25,lead_manager_mandatory_hold,lead_manager,상장주선인,상장주선인 의무취득분,30000.0,,[기재정정]투자설명서,20250714000219,상장규정에 따른 상장주선인의 의무 취득분에 관한 사항,20250714000219.xml,medium,
381620,제닉스로보틱스,01293485,2024-09-30,3M,2024-12-29,2024-12-30,lead_manager_mandatory_hold,lead_manager,상장주선인,상장주선인 의무취득분,19800.0,,[기재정정]투자설명서,20240913000394,상장규정에 따른 상장주선인의 의무 취득분에 관한 사항,20240913000394.xml,medium,
382150,온코크로스,01423916,2024-12-18,3M,2025-03-17,2025-03-18,lead_manager_mandatory_hold,lead_manager,상장주선인,상장주선인 의무취득분,355750.0,,[기재정정]투자설명서,20241205000556,상장규정에 따른 상장주선인의 의무 취득분에 관한 사항,20241205000556.xml,medium,
387570,파인메딕스,01455410,2024-12-26,3M,2025-03-25,2025-03-26,lead_manager_mandatory_hold,lead_manager,상장주선인,상장주선인 의무취득분,225000.0,,[기재정정]투자설명서,20241213000143,상장규정에 따른 상장주선인의 의무 취득분에 관한 사항,20241213000143.xml,medium,
388210,씨엠티엑스,01529982,2025-11-20,3M,2026-02-19,2026-02-20,lead_manager_mandatory_hold,lead_manager,상장주선인,상장주선인 의무취득분,250000.0,,[기재정정]투자설명서,20251107000443,상장규정에 따른 상장주선인의 의무 취득분에 관한 사항,20251107000443.xml,medium,
388610,지에프씨생명과학,01221752,2025-06-30,6M,2025-12-29,2025-12-30,lead_manager_mandatory_hold,lead_manager,상장주선인,상장주선인 의무취득분,196000.0,,[기재정정]투자설명서,20250618000259,상장규정에 따른 상장주선인의 의무 취득분에 관한 사항,20250618000259.xml,medium,
388870,파로스아이바이오,01495180,2023-07-27,3M,2023-10-26,2023-10-27,lead_manager_mandatory_hold,lead_manager,상장주선인,상장주선인 의무취득분,420000.0,,[기재정정]투자설명서,20230713000056,상장규정에 따른 상장주선인의 의무 취득분에 관한 사항,20230713000056.xml,medium,
389650,넥스트바이오메디컬,01385050,2024-08-20,3M,2024-11-19,2024-11-20,lead_manager_mandatory_hold,lead_manager,상장주선인,상장주선인 의무취득분,30000.0,,[기재정정]투자설명서,20240806000202,상장규정에 따른 상장주선인의 의무 취득분에 관한 사항,20240806000202.xml,medium,
393970,대진첨단소재,01549472,2025-03-06,3M,2025-06-05,2025-06-06,lead_manager_mandatory_hold,lead_manager,상장주선인,상장주선인 의무취득분,750000.0,,[기재정정]투자설명서,20250219001523,상장규정에 따른 상장주선인의 의무 취득분에 관한 사항,20250219001523.xml,medium,
394800,쓰리빌리언,01506617,2024-11-14,3M,2025-02-13,2025-02-14,lead_manager_mandatory_hold,lead_manager,상장주선인,상장주선인 의무취득분,160000.0,,[기재정정]투자설명서,20241101000142,상장규정에 따른 상장주선인의 의무 취득분에 관한 사항,20241101000142.xml,medium,
396470,워트,00866451,2023-10-26,3M,2024-01-25,2024-01-26,lead_manager_mandatory_hold,lead_manager,상장주선인,상장주선인 의무취득분,1000000.0,,[기재정정]투자설명서,20231013000584,상장규정에 따른 상장주선인의 의무 취득분에 관한 사항,20231013000584.xml,medium,
402490,그린리소스,01370863,2023-11-24,3M,2024-02-23,2024-02-24,lead_manager_mandatory_hold,lead_manager,상장주선인,상장주선인 의무취득분,410000.0,,[기재정정]투자설명서,20231110000304,상장규정에 따른 상장주선인의 의무 취득분에 관한 사항,20231110000304.xml,medium,
403850,더핑크퐁컴퍼니,01138364,2025-11-18,3M,2026-02-17,2026-02-18,lead_manager_mandatory_hold,lead_manager,상장주선인,상장주선인 의무취득분,500000.0,,[기재정정]투자설명서,20251105000308,상장규정에 따른 상장주선인의 의무 취득분에 관한 사항,20251105000308.xml,medium,
406820,뷰티스킨,01147487,2023-07-24,3M,2023-10-23,2023-10-24,lead_manager_mandatory_hold,lead_manager,상장주선인,상장주선인 의무취득분,88000.0,,[기재정정]투자설명서,20230712000262,상장규정에 따른 상장주선인의 의무 취득분에 관한 사항,20230712000262.xml,medium,
408470,한패스,01445024,2026-03-25,3M,2026-06-24,2026-06-25,lead_manager_mandatory_hold,lead_manager,상장주선인,상장주선인 의무취득분,275000.0,,[기재정정]투자설명서,20260313000893,상장규정에 따른 상장주선인의 의무 취득분에 관한 사항,20260313000893.xml,medium,
412540,제일엠앤에스,00528791,2024-04-30,3M,2024-07-29,2024-07-30,lead_manager_mandatory_hold,lead_manager,상장주선인,상장주선인 의무취득분,600000.0,,[기재정정]투자설명서,20240416000408,상장규정에 따른 상장주선인의 의무 취득분에 관한 사항,20240416000408.xml,medium,
413390,엠오티,01563922,2024-11-18,3M,2025-02-17,2025-02-18,lead_manager_mandatory_hold,lead_manager,상장주선인,상장주선인 의무취득분,87500.0,,[기재정정]투자설명서,20241106000088,상장규정에 따른 상장주선인의 의무 취득분에 관한 사항,20241106000088.xml,medium,
413640,비아이매트릭스,01462739,2023-11-09,3M,2024-02-08,2024-02-09,lead_manager_mandatory_hold,lead_manager,상장주선인,상장주선인 의무취득분,1200000.0,,[기재정정]투자설명서,20231027000529,상장규정에 따른 상장주선인의 의무 취득분에 관한 사항,20231027000529.xml,medium,
415380,스튜디오삼익,01540815,2024-02-06,3M,2024-05-05,2024-05-06,lead_manager_mandatory_hold,lead_manager,상장주선인,상장주선인 의무취득분,212500.0,,[기재정정]투자설명서,20240124000154,상장규정에 따른 상장주선인의 의무 취득분에 관한 사항,20240124000154.xml,medium,
416180,신성에스티,00761183,2023-10-19,3M,2024-01-18,2024-01-19,lead_manager_mandatory_hold,lead_manager,상장주선인,상장주선인 의무취득분,200000.0,,[기재정정]투자설명서,20231006000225,상장규정에 따른 상장주선인의 의무 취득분에 관한 사항,20231006000225.xml,medium,
418250,시큐레터,01579570,2023-08-24,3M,2023-11-23,2023-11-24,lead_manager_mandatory_hold,lead_manager,상장주선인,상장주선인 의무취득분,289975.0,,[기재정정]투자설명서,20230811001361,상장규정에 따른 상장주선인의 의무 취득분에 관한 사항,20230811001361.xml,medium,
418470,KT밀리의서재,01467451,2023-09-27,3M,2023-12-26,2023-12-27,lead_manager_mandatory_hold,lead_manager,상장주선인,상장주선인 의무취득분,375000.0,,[기재정정]투자설명서,20230915000282,상장규정에 따른 상장주선인의 의무 취득분에 관한 사항,20230915000282.xml,medium,
418620,E8,01516890,2024-02-23,3M,2024-05-22,2024-05-23,lead_manager_mandatory_hold,lead_manager,상장주선인,상장주선인 의무취득분,282500.0,,[기재정정]투자설명서,20240206000481,상장규정에 따른 상장주선인의 의무 취득분에 관한 사항,20240206000481.xml,medium,
424870,이뮨온시아,01203659,2025-05-19,3M,2025-08-18,2025-08-19,lead_manager_mandatory_hold,lead_manager,상장주선인,상장주선인 의무취득분,2285121.0,,[기재정정]투자설명서,20250430001260,상장규정에 따른 상장주선인의 의무 취득분에 관한 사항,20250430001260.xml,medium,
424960,스마트레이더시스템,01555215,2023-08-22,3M,2023-11-21,2023-11-22,lead_manager_mandatory_hold,lead_manager,상장주선인,상장주선인 의무취득분,555000.0,,[기재정정]투자설명서,20230809000643,상장규정에 따른 상장주선인의 의무 취득분에 관한 사항,20230809000643.xml,medium,
429270,시지트로닉스,01284751,2023-08-03,3M,2023-11-02,2023-11-03,lead_manager_mandatory_hold,lead_manager,상장주선인,상장주선인 의무취득분,225000.0,,[기재정정]투자설명서,20230721000288,상장규정에 따른 상장주선인의 의무 취득분에 관한 사항,20230721000288.xml,medium,
430690,한싹,01602638,2023-10-04,3M,2024-01-03,2024-01-04,lead_manager_mandatory_hold,lead_manager,상장주선인,상장주선인 의무취득분,105000.0,,[기재정정]투자설명서,20230918000119,상장규정에 따른 상장주선인의 의무 취득분에 관한 사항,20230918000119.xml,medium,
431190,케이쓰리아이,01689266,2024-08-20,3M,2024-11-19,2024-11-20,lead_manager_mandatory_hold,lead_manager,상장주선인,상장주선인 의무취득분,350000.0,,[기재정정]투자설명서,20240807000169,상장규정에 따른 상장주선인의 의무 취득분에 관한 사항,20240807000169.xml,medium,
432430,와이랩,01406265,2023-07-20,3M,2023-10-19,2023-10-20,lead_manager_mandatory_hold,lead_manager,상장주선인,상장주선인 의무취득분,90000.0,,[기재정정]투자설명서,20230706000316,상장규정에 따른 상장주선인의 의무 취득분에 관한 사항,20230706000316.xml,medium,
432470,케이엔에스,01402995,2023-12-06,3M,2024-03-05,2024-03-06,lead_manager_mandatory_hold,lead_manager,상장주선인,상장주선인 의무취득분,187500.0,,[기재정정]투자설명서,20231124000356,상장규정에 따른 상장주선인의 의무 취득분에 관한 사항,20231124000356.xml,medium,
432720,퀄리타스반도체,01584183,2023-10-27,3M,2024-01-26,2024-01-27,lead_manager_mandatory_hold,lead_manager,상장주선인,상장주선인 의무취득분,230400.0,,[기재정정]투자설명서,20231017000137,상장규정에 따른 상장주선인의 의무 취득분에 관한 사항,20231017000137.xml,medium,
437730,삼현,00262266,2024-03-21,3M,2024-06-20,2024-06-21,lead_manager_mandatory_hold,lead_manager,상장주선인,상장주선인 의무취득분,132000.0,,[기재정정]투자설명서,20240311000483,상장규정에 따른 상장주선인의 의무 취득분에 관한 사항,20240311000483.xml,medium,
438700,버넥트,01605529,2023-07-26,3M,2023-10-25,2023-10-26,lead_manager_mandatory_hold,lead_manager,상장주선인,상장주선인 의무취득분,1920000.0,,[기재정정]투자설명서,20230714000346,상장규정에 따른 상장주선인의 의무 취득분에 관한 사항,20230714000346.xml,medium,
439580,블루엠텍,01559637,2023-12-13,2Y,2025-12-12,2025-12-13,lead_manager_mandatory_hold,lead_manager,상장주선인,상장주선인 의무취득분,1400000.0,,[기재정정]투자설명서,20231130001753,상장규정에 따른 상장주선인의 의무 취득분에 관한 사항,20231130001753.xml,medium,
440110,파두,01292291,2023-08-07,3M,2023-11-06,2023-11-07,lead_manager_mandatory_hold,lead_manager,상장주선인,상장주선인 의무취득분,1562500.0,,[기재정정]투자설명서,20230726000460,상장규정에 따른 상장주선인의 의무 취득분에 관한 사항,20230726000460.xml,medium,
440290,HB인베스트먼트,00309460,2024-01-25,6M,2024-07-24,2024-07-25,lead_manager_mandatory_hold,lead_manager,상장주선인,상장주선인 의무취득분,6667000.0,,[기재정정]투자설명서,20240115000361,상장규정에 따른 상장주선인의 의무 취득분에 관한 사항,20240115000361.xml,medium,
443250,레뷰코퍼레이션,01468061,2023-10-06,3M,2024-01-05,2024-01-06,lead_manager_mandatory_hold,lead_manager,상장주선인,상장주선인 의무취득분,60800.0,,[기재정정]투자설명서,20230918000165,상장규정에 따른 상장주선인의 의무 취득분에 관한 사항,20230918000165.xml,medium,
444530,심플랫폼,01590980,2025-03-21,3M,2025-06-20,2025-06-21,lead_manager_mandatory_hold,lead_manager,상장주선인,상장주선인 의무취득분,230000.0,,[기재정정]투자설명서,20250310000117,상장규정에 따른 상장주선인의 의무 취득분에 관한 사항,20250310000117.xml,medium,
445090,에이직랜드,01540453,2023-11-13,3M,2024-02-12,2024-02-13,lead_manager_mandatory_hold,lead_manager,상장주선인,상장주선인 의무취득분,150000.0,,[기재정정]투자설명서,20231031000250,상장규정에 따른 상장주선인의 의무 취득분에 관한 사항,20231031000250.xml,medium,
445180,퓨릿,01027828,2023-10-18,3M,2024-01-17,2024-01-18,lead_manager_mandatory_hold,lead_manager,상장주선인,상장주선인 의무취득분,1034250.0,,[기재정정]투자설명서,20231004000221,상장규정에 따른 상장주선인의 의무 취득분에 관한 사항,20231004000221.xml,medium,
445680,큐리옥스바이오시스템즈,01498974,2023-08-10,3M,2023-11-09,2023-11-10,lead_manager_mandatory_hold,lead_manager,상장주선인,상장주선인 의무취득분,350000.0,,[기재정정]투자설명서,20230731000304,상장규정에 따른 상장주선인의 의무 취득분에 관한 사항,20230731000304.xml,medium,
446540,메가터치,00923516,2023-11-09,3M,2024-02-08,2024-02-09,lead_manager_mandatory_hold,lead_manager,상장주선인,상장주선인 의무취득분,1300000.0,,[기재정정]투자설명서,20231030000179,상장규정에 따른 상장주선인의 의무 취득분에 관한 사항,20231030000179.xml,medium,
448280,에코아이,01218299,2023-11-21,3M,2024-02-20,2024-02-21,lead_manager_mandatory_hold,lead_manager,상장주선인,상장주선인 의무취득분,31185.0,,[기재정정]투자설명서,20231109000220,상장규정에 따른 상장주선인의 의무 취득분에 관한 사항,20231109000220.xml,medium,
448710,코츠테크놀로지,00959210,2023-08-10,3M,2023-11-09,2023-11-10,lead_manager_mandatory_hold,lead_manager,상장주선인,상장주선인 의무취득분,90000.0,,[기재정정]투자설명서,20230731000180,상장규정에 따른 상장주선인의 의무 취득분에 관한 사항,20230731000180.xml,medium,
448900,한국피아이엠,00765897,2025-04-04,1Y,2026-04-03,2026-04-04,lead_manager_mandatory_hold,lead_manager,상장주선인,상장주선인 의무취득분,325000.0,,[기재정정]투자설명서,20250324000410,상장규정에 따른 상장주선인의 의무 취득분에 관한 사항,20250324000410.xml,medium,
450330,하스,01663569,2024-07-03,3M,2024-10-02,2024-10-03,lead_manager_mandatory_hold,lead_manager,상장주선인,상장주선인 의무취득분,452500.0,,[기재정정]투자설명서,20240621000070,상장규정에 따른 상장주선인의 의무 취득분에 관한 사항,20240621000070.xml,medium,
450520,인스웨이브,01222113,2023-09-25,3M,2023-12-24,2023-12-25,lead_manager_mandatory_hold,lead_manager,상장주선인,상장주선인 의무취득분,275000.0,,[기재정정]투자설명서,20230913000348,상장규정에 따른 상장주선인의 의무 취득분에 관한 사항,20230913000348.xml,medium,
450950,아스테라시스,01590528,2025-01-24,3M,2025-04-23,2025-04-24,lead_manager_mandatory_hold,lead_manager,상장주선인,상장주선인 의무취득분,3650000.0,,[기재정정]투자설명서,20250113000367,상장규정에 따른 상장주선인의 의무 취득분에 관한 사항,20250113000367.xml,medium,
451220,아이엠티,01546101,2023-10-10,3M,2024-01-09,2024-01-10,lead_manager_mandatory_hold,lead_manager,상장주선인,상장주선인 의무취득분,395000.0,,[기재정정]투자설명서,20230914000343,상장규정에 따른 상장주선인의 의무 취득분에 관한 사항,20230914000343.xml,medium,
451760,컨텍,01685251,2023-11-09,3M,2024-02-08,2024-02-09,lead_manager_mandatory_hold,lead_manager,상장주선인,상장주선인 의무취득분,515000.0,,[기재정정]투자설명서,20231030000349,상장규정에 따른 상장주선인의 의무 취득분에 관한 사항,20231030000349.xml,medium,
452200,민테크,01689035,2024-05-03,3M,2024-08-02,2024-08-03,lead_manager_mandatory_hold,lead_manager,상장주선인,상장주선인 의무취득분,750000.0,,[기재정정]투자설명서,20240422000038,상장규정에 따른 상장주선인의 의무 취득분에 관한 사항,20240422000038.xml,medium,
452280,한선엔지니어링,00958451,2023-11-24,3M,2024-02-23,2024-02-24,lead_manager_mandatory_hold,lead_manager,상장주선인,상장주선인 의무취득분,1062500.0,,[기재정정]투자설명서,20231110000107,상장규정에 따른 상장주선인의 의무 취득분에 관한 사항,20231110000107.xml,medium,
452300,캡스톤파트너스,01497124,2023-11-15,3M,2024-02-14,2024-02-15,lead_manager_mandatory_hold,lead_manager,상장주선인,상장주선인 의무취득분,399000.0,,[기재정정]투자설명서,20231103000320,상장규정에 따른 상장주선인의 의무 취득분에 관한 사항,20231103000320.xml,medium,
452400,이닉스,00338170,2024-02-01,3M,2024-04-30,2024-05-01,lead_manager_mandatory_hold,lead_manager,상장주선인,상장주선인 의무취득분,150000.0,,[기재정정]투자설명서,20240119000141,상장규정에 따른 상장주선인의 의무 취득분에 관한 사항,20240119000141.xml,medium,
452450,피아이이,01429220,2025-02-04,3M,2025-05-03,2025-05-04,lead_manager_mandatory_hold,lead_manager,상장주선인,상장주선인 의무취득분,900000.0,,[기재정정]투자설명서,20250116000123,상장규정에 따른 상장주선인의 의무 취득분에 관한 사항,20250116000123.xml,medium,
453450,그리드위즈,01299203,2024-06-14,3M,2024-09-13,2024-09-14,lead_manager_mandatory_hold,lead_manager,상장주선인,상장주선인 의무취득분,350000.0,,[기재정정]투자설명서,20240531001598,상장규정에 따른 상장주선인의 의무 취득분에 관한 사항,20240531001598.xml,medium,
453860,에이에스텍,01538528,2023-11-28,3M,2024-02-27,2024-02-28,lead_manager_mandatory_hold,lead_manager,상장주선인,상장주선인 의무취득분,351750.0,,[기재정정]투자설명서,20231115000158,상장규정에 따른 상장주선인의 의무 취득분에 관한 사항,20231115000158.xml,medium,
455900,엔젤로보틱스,01592049,2024-03-26,3M,2024-06-25,2024-06-26,lead_manager_mandatory_hold,lead_manager,상장주선인,상장주선인 의무취득분,48000.0,,[기재정정]투자설명서,20240313000654,상장규정에 따른 상장주선인의 의무 취득분에 관한 사항,20240313000654.xml,medium,
456010,아이씨티케이,01373709,2024-05-17,3M,2024-08-16,2024-08-17,lead_manager_mandatory_hold,lead_manager,상장주선인,상장주선인 의무취득분,492500.0,,[기재정정]투자설명서,20240503000450,상장규정에 따른 상장주선인의 의무 취득분에 관한 사항,20240503000450.xml,medium,
456070,이엔셀,01544468,2024-08-23,3M,2024-11-22,2024-11-23,lead_manager_mandatory_hold,lead_manager,상장주선인,상장주선인 의무취득분,391700.0,,[기재정정]투자설명서,20240809000250,상장규정에 따른 상장주선인의 의무 취득분에 관한 사항,20240809000250.xml,medium,
456160,지투지바이오,01577952,2025-08-14,3M,2025-11-13,2025-11-14,lead_manager_mandatory_hold,lead_manager,상장주선인,상장주선인 의무취득분,15300.0,,[기재정정]투자설명서,20250804000135,상장규정에 따른 상장주선인의 의무 취득분에 관한 사항,20250804000135.xml,medium,
457370,한켐,01016309,2024-10-22,3M,2025-01-21,2025-01-22,lead_manager_mandatory_hold,lead_manager,상장주선인,상장주선인 의무취득분,400000.0,,[기재정정]투자설명서,20241002000206,상장규정에 따른 상장주선인의 의무 취득분에 관한 사항,20241002000206.xml,medium,
457550,우진엔텍,01030503,2024-01-24,3M,2024-04-23,2024-04-24,lead_manager_mandatory_hold,lead_manager,상장주선인,상장주선인 의무취득분,412000.0,,[기재정정]투자설명서,20240115000090,상장규정에 따른 상장주선인의 의무 취득분에 관한 사항,20240115000090.xml,medium,
457600,벡트,01453944,2024-12-16,3M,2025-03-15,2025-03-16,lead_manager_mandatory_hold,lead_manager,상장주선인,상장주선인 의무취득분,1187500.0,,[기재정정]투자설명서,20241203000040,상장규정에 따른 상장주선인의 의무 취득분에 관한 사항,20241203000040.xml,medium,
458350,에스팀,01379563,2026-03-06,3M,2026-06-05,2026-06-06,lead_manager_mandatory_hold,lead_manager,상장주선인,상장주선인 의무취득분,450000.0,,[기재정정]투자설명서,20260220001638,상장규정에 따른 상장주선인의 의무 취득분에 관한 사항,20260220001638.xml,medium,
458870,씨어스테크놀로지,01514227,2024-06-19,3M,2024-09-18,2024-09-19,lead_manager_mandatory_hold,lead_manager,상장주선인,상장주선인 의무취득분,325000.0,,[기재정정]투자설명서,20240604000195,상장규정에 따른 상장주선인의 의무 취득분에 관한 사항,20240604000195.xml,medium,
459100,위츠,01445440,2024-11-20,3M,2025-02-19,2025-02-20,lead_manager_mandatory_hold,lead_manager,상장주선인,상장주선인 의무취득분,750000.0,,[기재정정]투자설명서,20241105000121,상장규정에 따른 상장주선인의 의무 취득분에 관한 사항,20241105000121.xml,medium,
459510,나우로보틱스,01594791,2025-05-08,3M,2025-08-07,2025-08-08,lead_manager_mandatory_hold,lead_manager,상장주선인,상장주선인 의무취득분,350000.0,,[기재정정]투자설명서,20250422000541,상장규정에 따른 상장주선인의 의무 취득분에 관한 사항,20250422000541.xml,medium,
460470,아이빔테크놀로지,01678312,2024-08-06,3M,2024-11-05,2024-11-06,lead_manager_mandatory_hold,lead_manager,상장주선인,상장주선인 의무취득분,558500.0,,[기재정정]투자설명서,20240723000182,상장규정에 따른 상장주선인의 의무 취득분에 관한 사항,20240723000182.xml,medium,
460930,현대힘스,00667373,2024-01-26,6M,2024-07-25,2024-07-26,lead_manager_mandatory_hold,lead_manager,상장주선인,상장주선인 의무취득분,5224000.0,,[기재정정]투자설명서,20240116000207,상장규정에 따른 상장주선인의 의무 취득분에 관한 사항,20240116000207.xml,medium,
460940,피앤에스로보틱스,01419205,2024-07-31,3M,2024-10-30,2024-10-31,lead_manager_mandatory_hold,lead_manager,상장주선인,상장주선인 의무취득분,337500.0,,[기재정정]투자설명서,20240719000267,상장규정에 따른 상장주선인의 의무 취득분에 관한 사항,20240719000267.xml,medium,
461030,아이엠비디엑스,01497373,2024-04-03,3M,2024-07-02,2024-07-03,lead_manager_mandatory_hold,lead_manager,상장주선인,상장주선인 의무취득분,625000.0,,[기재정정]투자설명서,20240322000977,상장규정에 따른 상장주선인의 의무 취득분에 관한 사항,20240322000977.xml,medium,
461300,아이스크림미디어,00657224,2024-08-30,6M,2025-02-27,2025-02-28,lead_manager_mandatory_hold,lead_manager,상장주선인,상장주선인 의무취득분,615000.0,,[기재정정]투자설명서,20240820000056,상장규정에 따른 상장주선인의 의무 취득분에 관한 사항,20240820000056.xml,medium,
462350,이노스페이스,01700587,2024-07-02,3M,2024-10-01,2024-10-02,lead_manager_mandatory_hold,lead_manager,상장주선인,상장주선인 의무취득분,44300.0,,[기재정정]투자설명서,20240619000257,상장규정에 따른 상장주선인의 의무 취득분에 관한 사항,20240619000257.xml,medium,
462510,라메디텍,01504211,2024-06-17,3M,2024-09-16,2024-09-17,lead_manager_mandatory_hold,lead_manager,상장주선인,상장주선인 의무취득분,16280.0,,[기재정정]투자설명서,20240603000261,상장규정에 따른 상장주선인의 의무 취득분에 관한 사항,20240603000261.xml,medium,
462860,더즌,01563667,2025-03-24,3M,2025-06-23,2025-06-24,lead_manager_mandatory_hold,lead_manager,상장주선인,상장주선인 의무취득분,625000.0,,[기재정정]투자설명서,20250311000718,상장규정에 따른 상장주선인의 의무 취득분에 관한 사항,20250311000718.xml,medium,
462980,아이지넷,01728167,2025-02-04,3M,2025-05-03,2025-05-04,lead_manager_mandatory_hold,lead_manager,상장주선인,상장주선인 의무취득분,500000.0,,[기재정정]투자설명서,20250117000296,상장규정에 따른 상장주선인의 의무 취득분에 관한 사항,20250117000296.xml,medium,
463020,뉴엔AI,01639508,2025-07-04,3M,2025-10-03,2025-10-04,lead_manager_mandatory_hold,lead_manager,상장주선인,상장주선인 의무취득분,555000.0,,[기재정정]투자설명서,20250620000291,상장규정에 따른 상장주선인의 의무 취득분에 관한 사항,20250620000291.xml,medium,
463480,모티브링크,00367400,2025-02-20,3M,2025-05-19,2025-05-20,lead_manager_mandatory_hold,lead_manager,상장주선인,상장주선인 의무취득분,755148.0,,[기재정정]투자설명서,20250210000471,상장규정에 따른 상장주선인의 의무 취득분에 관한 사항,20250210000471.xml,medium,
464080,에스오에스랩,01686427,2024-06-25,3M,2024-09-24,2024-09-25,lead_manager_mandatory_hold,lead_manager,상장주선인,상장주선인 의무취득분,2000000.0,,투자설명서,20240612000352,상장규정에 따른 상장주선인의 의무 취득분에 관한 사항,20240612000352.xml,medium,
464280,티디에스팜,01232192,2024-08-21,3M,2024-11-20,2024-11-21,lead_manager_mandatory_hold,lead_manager,상장주선인,상장주선인 의무취득분,26300.0,,[기재정정]투자설명서,20240808000214,상장규정에 따른 상장주선인의 의무 취득분에 관한 사항,20240808000214.xml,medium,
464490,쿼드메디슨,01671285,2025-12-12,3M,2026-03-11,2026-03-12,lead_manager_mandatory_hold,lead_manager,상장주선인,상장주선인 의무취득분,85000.0,,[기재정정]투자설명서,20251201000478,상장규정에 따른 상장주선인의 의무 취득분에 관한 사항,20251201000478.xml,medium,
464500,아이언디바이스,01706794,2024-09-23,3M,2024-12-22,2024-12-23,lead_manager_mandatory_hold,lead_manager,상장주선인,상장주선인 의무취득분,63000.0,,[기재정정]투자설명서,20240906000325,상장규정에 따른 상장주선인의 의무 취득분에 관한 사항,20240906000325.xml,medium,
464580,닷밀,01605282,2024-11-13,3M,2025-02-12,2025-02-13,lead_manager_mandatory_hold,lead_manager,상장주선인,상장주선인 의무취득분,300000.0,,[기재정정]투자설명서,20241101000293,상장규정에 따른 상장주선인의 의무 취득분에 관한 사항,20241101000293.xml,medium,
465480,인스피언,01284876,2024-10-18,3M,2025-01-17,2025-01-18,lead_manager_mandatory_hold,lead_manager,상장주선인,상장주선인 의무취득분,63091.0,,[기재정정]투자설명서,20241002000239,상장규정에 따른 상장주선인의 의무 취득분에 관한 사항,20241002000239.xml,medium,
466100,클로봇,01784914,2024-10-28,3M,2025-01-27,2025-01-28,lead_manager_mandatory_hold,lead_manager,상장주선인,상장주선인 의무취득분,112610.0,,[기재정정]투자설명서,20241015000376,상장규정에 따른 상장주선인의 의무 취득분에 관한 사항,20241015000376.xml,medium,
466410,사이냅소프트,01207901,2024-11-19,3M,2025-02-18,2025-02-19,lead_manager_mandatory_hold,lead_manager,상장주선인,상장주선인 의무취득분,121200.0,,[기재정정]투자설명서,20241106000153,상장규정에 따른 상장주선인의 의무 취득분에 관한 사항,20241106000153.xml,medium,
468530,프로티나,01688568,2025-07-29,3M,2025-10-28,2025-10-29,lead_manager_mandatory_hold,lead_manager,상장주선인,상장주선인 의무취득분,25350.0,,[기재정정]투자설명서,20250716000126,상장규정에 따른 상장주선인의 의무 취득분에 관한 사항,20250716000126.xml,medium,
469610,이노테크,01745173,2025-11-07,3M,2026-02-06,2026-02-07,lead_manager_mandatory_hold,lead_manager,상장주선인,상장주선인 의무취득분,440000.0,,[기재정정]투자설명서,20251024000272,상장규정에 따른 상장주선인의 의무 취득분에 관한 사항,20251024000272.xml,medium,
473980,노머스,01703849,2024-11-12,3M,2025-02-11,2025-02-12,lead_manager_mandatory_hold,lead_manager,상장주선인,상장주선인 의무취득분,282500.0,,[기재정정]투자설명서,20241101000250,상장규정에 따른 상장주선인의 의무 취득분에 관한 사항,20241101000250.xml,medium,
474170,루미르,01636565,2024-10-21,3M,2025-01-20,2025-01-21,lead_manager_mandatory_hold,lead_manager,상장주선인,상장주선인 의무취득분,3000000.0,,[기재정정]투자설명서,20241008000450,상장규정에 따른 상장주선인의 의무 취득분에 관한 사항,20241008000450.xml,medium,
474650,링크솔루션,01764099,2025-06-10,3M,2025-09-09,2025-09-10,lead_manager_mandatory_hold,lead_manager,상장주선인,상장주선인 의무취득분,40500.0,,[기재정정]투자설명서,20250526000302,상장규정에 따른 상장주선인의 의무 취득분에 관한 사항,20250526000302.xml,medium,
475230,엔알비,01708163,2025-07-28,3M,2025-10-27,2025-10-28,lead_manager_mandatory_hold,lead_manager,상장주선인,상장주선인 의무취득분,525000.0,,[기재정정]투자설명서,20250716000294,상장규정에 따른 상장주선인의 의무 취득분에 관한 사항,20250716000294.xml,medium,
475400,씨메스,01588189,2024-10-24,3M,2025-01-23,2025-01-24,lead_manager_mandatory_hold,lead_manager,상장주선인,상장주선인 의무취득분,2600000.0,,[기재정정]투자설명서,20241014000124,상장규정에 따른 상장주선인의 의무 취득분에 관한 사항,20241014000124.xml,medium,
475430,키스트론,00204323,2025-06-02,3M,2025-09-01,2025-09-02,lead_manager_mandatory_hold,lead_manager,상장주선인,상장주선인 의무취득분,1575000.0,,[기재정정]투자설명서,20250520000288,상장규정에 따른 상장주선인의 의무 취득분에 관한 사항,20250520000288.xml,medium,
475460,미트박스,01374717,2025-01-23,3M,2025-04-22,2025-04-23,lead_manager_mandatory_hold,lead_manager,상장주선인,상장주선인 의무취득분,250000.0,,[기재정정]투자설명서,20250110000724,상장규정에 따른 상장주선인의 의무 취득분에 관한 사항,20250110000724.xml,medium,
475580,에이럭스,01641600,2024-11-01,3M,2025-01-31,2025-02-01,lead_manager_mandatory_hold,lead_manager,상장주선인,상장주선인 의무취득분,375000.0,,[기재정정]투자설명서,20241021000241,상장규정에 따른 상장주선인의 의무 취득분에 관한 사항,20241021000241.xml,medium,
475660,에스켐,01383779,2024-11-18,3M,2025-02-17,2025-02-18,lead_manager_mandatory_hold,lead_manager,상장주선인,상장주선인 의무취득분,1950000.0,,[기재정정]투자설명서,20241106000011,상장규정에 따른 상장주선인의 의무 취득분에 관한 사항,20241106000011.xml,medium,
475830,오름테라퓨틱,01658831,2025-02-14,3M,2025-05-13,2025-05-14,lead_manager_mandatory_hold,lead_manager,상장주선인,상장주선인 의무취득분,625000.0,,[기재정정]투자설명서,20250203000196,상장규정에 따른 상장주선인의 의무 취득분에 관한 사항,20250203000196.xml,medium,
475960,토모큐브,01573336,2024-11-07,3M,2025-02-06,2025-02-07,lead_manager_mandatory_hold,lead_manager,상장주선인,상장주선인 의무취득분,500000.0,,[기재정정]투자설명서,20241025000263,상장규정에 따른 상장주선인의 의무 취득분에 관한 사항,20241025000263.xml,medium,
476040,오가노이드사이언스,01626391,2025-05-09,3M,2025-08-08,2025-08-09,lead_manager_mandatory_hold,lead_manager,상장주선인,상장주선인 의무취득분,300000.0,,[기재정정]투자설명서,20250424000333,상장규정에 따른 상장주선인의 의무 취득분에 관한 사항,20250424000333.xml,medium,
476060,온코닉테라퓨틱스,01632912,2024-12-19,3M,2025-03-18,2025-03-19,lead_manager_mandatory_hold,lead_manager,상장주선인,상장주선인 의무취득분,387500.0,,[기재정정]투자설명서,20241205000263,상장규정에 따른 상장주선인의 의무 취득분에 관한 사항,20241205000263.xml,medium,
476080,M83,01704680,2024-08-22,3M,2024-11-21,2024-11-22,lead_manager_mandatory_hold,lead_manager,상장주선인,상장주선인 의무취득분,1500000.0,,[기재정정]투자설명서,20240814002733,상장규정에 따른 상장주선인의 의무 취득분에 관한 사항,20240814002733.xml,medium,
476830,알지노믹스,01596920,2025-12-18,3M,2026-03-17,2026-03-18,lead_manager_mandatory_hold,lead_manager,상장주선인,상장주선인 의무취득분,515000.0,,[기재정정]투자설명서,20251205000237,상장규정에 따른 상장주선인의 의무 취득분에 관한 사항,20251205000237.xml,medium,
478340,나라스페이스테크놀로지,01787355,2025-12-17,3M,2026-03-16,2026-03-17,lead_manager_mandatory_hold,lead_manager,상장주선인,상장주선인 의무취득분,430000.0,,[기재정정]투자설명서,20251205000537,상장규정에 따른 상장주선인의 의무 취득분에 관한 사항,20251205000537.xml,medium,
479960,위너스,01137860,2025-02-24,6M,2025-08-23,2025-08-24,lead_manager_mandatory_hold,lead_manager,상장주선인,상장주선인 의무취득분,1700000.0,,[기재정정]투자설명서,20250213000090,상장규정에 따른 상장주선인의 의무 취득분에 관한 사항,20250213000090.xml,medium,
481070,에이유브랜즈,01803927,2025-04-03,3M,2025-07-02,2025-07-03,lead_manager_mandatory_hold,lead_manager,상장주선인,상장주선인 의무취득분,500000.0,,[기재정정]투자설명서,20250321000215,상장규정에 따른 상장주선인의 의무 취득분에 관한 사항,20250321000215.xml,medium,
482630,삼양엔씨켐,00863533,2025-02-03,3M,2025-05-02,2025-05-03,lead_manager_mandatory_hold,lead_manager,상장주선인,상장주선인 의무취득분,275000.0,,[기재정정]투자설명서,20250114000182,상장규정에 따른 상장주선인의 의무 취득분에 관한 사항,20250114000182.xml,medium,
484120,도우인시스,01380578,2025-07-23,3M,2025-10-22,2025-10-23,lead_manager_mandatory_hold,lead_manager,상장주선인,상장주선인 의무취득분,350000.0,,[기재정정]투자설명서,20250711000123,상장규정에 따른 상장주선인의 의무 취득분에 관한 사항,20250711000123.xml,medium,
484590,삼양컴텍,00141583,2025-08-18,3M,2025-11-17,2025-11-18,lead_manager_mandatory_hold,lead_manager,상장주선인,상장주선인 의무취득분,10353000.0,,[기재정정]투자설명서,20250801000918,상장규정에 따른 상장주선인의 의무 취득분에 관한 사항,20250801000918.xml,medium,
484810,티엑스알로보틱스,01458161,2025-03-20,3M,2025-06-19,2025-06-20,lead_manager_mandatory_hold,lead_manager,상장주선인,상장주선인 의무취득분,3075400.0,,[기재정정]투자설명서,20250310000005,상장규정에 따른 상장주선인의 의무 취득분에 관한 사항,20250310000005.xml,medium,
486990,노타,01810477,2025-11-03,3M,2026-02-02,2026-02-03,lead_manager_mandatory_hold,lead_manager,상장주선인,상장주선인 의무취득분,729000.0,,[기재정정]투자설명서,20251022000316,상장규정에 따른 상장주선인의 의무 취득분에 관한 사항,20251022000316.xml,medium,
488280,에스투더블유,01803635,2025-09-19,3M,2025-12-18,2025-12-19,lead_manager_mandatory_hold,lead_manager,상장주선인,상장주선인 의무취득분,33000.0,,[기재정정]투자설명서,20250909000314,상장규정에 따른 상장주선인의 의무 취득분에 관한 사항,20250909000314.xml,medium,
488900,비츠로넥스텍,01194607,2025-11-21,3M,2026-02-20,2026-02-21,lead_manager_mandatory_hold,lead_manager,상장주선인,상장주선인 의무취득분,300000.0,,[기재정정]투자설명서,20251110000238,상장규정에 따른 상장주선인의 의무 취득분에 관한 사항,20251110000238.xml,medium,
489460,바이오비쥬,01657197,2025-05-20,3M,2025-08-19,2025-08-20,lead_manager_mandatory_hold,lead_manager,상장주선인,상장주선인 의무취득분,90000.0,,[기재정정]투자설명서,20250502000321,상장규정에 따른 상장주선인의 의무 취득분에 관한 사항,20250502000321.xml,medium,
489500,엘케이켐,01747977,2025-02-25,3M,2025-05-24,2025-05-25,lead_manager_mandatory_hold,lead_manager,상장주선인,상장주선인 의무취득분,250000.0,,[기재정정]투자설명서,20250212000703,상장규정에 따른 상장주선인의 의무 취득분에 관한 사항,20250212000703.xml,medium,
490470,세미파이브,01627363,2025-12-29,3M,2026-03-28,2026-03-29,lead_manager_mandatory_hold,lead_manager,상장주선인,상장주선인 의무취득분,1350000.0,,[기재정정]투자설명서,20251217000148,상장규정에 따른 상장주선인의 의무 취득분에 관한 사항,20251217000148.xml,medium,
491000,리브스메드,01385005,2025-12-24,3M,2026-03-23,2026-03-24,lead_manager_mandatory_hold,lead_manager,상장주선인,상장주선인 의무취득분,172900.0,,[기재정정]투자설명서,20251212000519,상장규정에 따른 상장주선인의 의무 취득분에 관한 사항,20251212000519.xml,medium,
493280,아이엠바이오로직스,01859500,2026-03-20,3M,2026-06-19,2026-06-20,lead_manager_mandatory_hold,lead_manager,상장주선인,상장주선인 의무취득분,500000.0,,[기재정정]투자설명서,20260310002460,상장규정에 따른 상장주선인의 의무 취득분에 관한 사항,20260310002460.xml,medium,
494120,큐리오시스,01786958,2025-11-13,3M,2026-02-12,2026-02-13,lead_manager_mandatory_hold,lead_manager,상장주선인,상장주선인 의무취득분,42000.0,,[기재정정]투자설명서,20251103000101,상장규정에 따른 상장주선인의 의무 취득분에 관한 사항,20251103000101.xml,medium,
950250,테라뷰,01957282,2025-12-09,1Y,2026-12-08,2026-12-09,lead_manager_mandatory_hold,lead_manager,상장주선인,상장주선인 의무취득분,50000.0,,[기재정정]투자설명서,20251120000415,상장규정에 따른 상장주선인의 의무 취득분에 관한 사항,20251120000415.xml,medium,
