name_key,name,ipo_price,listing_date,source_kinds
알체라,알체라,10000.0,2020-12-21,"new_listing,subscription"
엔에이치스팩18호,엔에이치스팩18호,2000.0,2020-12-21,"new_listing,subscription"
프리시젼바이오,프리시젼바이오,12500.0,2020-12-22,"new_listing,subscription"
대신밸런스스팩9호,대신밸런스스팩9호,2000.0,2020-12-23,"new_listing,subscription"
석경에이티,석경에이티,10000.0,2020-12-23,"new_listing,subscription"
이에스알켄달스퀘어리츠,이에스알켄달스퀘어리츠(유가),5000.0,2020-12-23,"new_listing,subscription"
지놈앤컴퍼니,지놈앤컴퍼니,40000.0,2020-12-23,"new_listing,subscription"
엔비티,엔비티,19000.0,2021-01-21,"new_listing,subscription"
한국스팩9호,한국스팩9호,2000.0,2021-01-21,"new_listing,subscription"
선진뷰티사이언스,선진뷰티사이언스,11500.0,2021-01-27,"new_listing,subscription"
모비릭스,모비릭스,14000.0,2021-01-28,"new_listing,subscription"
씨앤투스성진,씨앤투스성진,32000.0,2021-01-28,"new_listing,subscription"
핑거,핑거,16000.0,2021-01-29,"new_listing,subscription"
솔루엠,솔루엠(유가),17000.0,2021-02-02,"new_listing,subscription"
레인보우로보틱스,레인보우로보틱스,10000.0,2021-02-03,"new_listing,subscription"
와이더플래닛,와이더플래닛,16000.0,2021-02-03,"new_listing,subscription"
신한스팩7호,신한스팩7호,2000.0,2021-02-04,"new_listing,subscription"
아이퀘스트,아이퀘스트,11000.0,2021-02-05,"new_listing,subscription"
프레스티지바이오파마,프레스티지바이오파마(유가),32000.0,2021-02-05,"new_listing,subscription"
하나금융스팩17호,하나금융스팩17호,2000.0,2021-02-10,"new_listing,subscription"
피엔에이치테크,피엔에이치테크,18000.0,2021-02-16,"new_listing,subscription"
씨이랩,씨이랩,35000.0,2021-02-24,"new_listing,subscription"
오로스테크놀로지,오로스테크놀로지,21000.0,2021-02-24,"new_listing,subscription"
유일에너테크,유일에너테크,16000.0,2021-02-25,"new_listing,subscription"
ibks스팩15호,IBKS스팩15호,2000.0,2021-02-26,"new_listing,subscription"
뷰노,뷰노,21000.0,2021-02-26,"new_listing,subscription"
하나머스트스팩7호,하나머스트스팩7호,2000.0,2021-03-05,"new_listing,subscription"
나노씨엠에스,나노씨엠에스,20000.0,2021-03-09,"new_listing,subscription"
싸이버원,싸이버원,9500.0,2021-03-11,"new_listing,subscription"
프레스티지바이오로직스,프레스티지바이오로직스,12400.0,2021-03-11,"new_listing,subscription"
네오이뮨텍,네오이뮨텍,7500.0,2021-03-16,"new_listing,subscription"
디비금융스팩9호,디비금융스팩9호,2000.0,2021-03-16,"new_listing,subscription"
바이오다인,바이오다인,30000.0,2021-03-17,"new_listing,subscription"
sk바이오사이언스,SK바이오사이언스(유가),65000.0,2021-03-18,"new_listing,subscription"
라이프시맨틱스,라이프시맨틱스,12500.0,2021-03-23,"new_listing,subscription"
자이언트스텝,자이언트스텝,11000.0,2021-03-24,"new_listing,subscription"
제노코,제노코,36000.0,2021-03-24,"new_listing,subscription"
엔시스,엔시스,19000.0,2021-04-01,"new_listing,subscription"
유안타스팩8호,유안타스팩8호,2000.0,2021-04-05,"new_listing,subscription"
유진스팩6호,유진스팩6호,2000.0,2021-04-08,"new_listing,subscription"
이삭엔지니어링,이삭엔지니어링,11500.0,2021-04-21,"new_listing,subscription"
해성티피씨,해성티피씨,13000.0,2021-04-21,"new_listing,subscription"
쿠콘,쿠콘,45000.0,2021-04-28,"new_listing,subscription"
하이스팩6호,하이스팩6호,2000.0,2021-05-10,"new_listing,subscription"
sk아이이테크놀로지,SK아이이테크놀로지(유가),105000.0,2021-05-11,"new_listing,subscription"
에이치피오,에이치피오,22200.0,2021-05-14,"new_listing,subscription"
씨앤씨인터내셔널,씨앤씨인터내셔널,47500.0,2021-05-17,"new_listing,subscription"
샘씨엔에스,샘씨엔에스,6500.0,2021-05-20,"new_listing,subscription"
nh스팩19호,NH스팩19호(유가),2000.0,2021-05-21,"new_listing,subscription"
삼성스팩4호,삼성스팩4호,2000.0,2021-05-21,"new_listing,subscription"
삼영에스앤씨,삼영에스앤씨,11000.0,2021-05-21,"new_listing,subscription"
제주맥주,제주맥주,3200.0,2021-05-26,"new_listing,subscription"
진시스템,진시스템,20000.0,2021-05-26,"new_listing,subscription"
에이디엠코리아,에이디엠코리아,3800.0,2021-06-03,"new_listing,subscription"
엘비루셈,엘비루셈,14000.0,2021-06-11,"new_listing,subscription"
라온테크,라온테크,18000.0,2021-06-17,"new_listing,subscription"
삼성머스트스팩5호,삼성머스트스팩5호,2000.0,2021-06-17,"new_listing,subscription"
이노뎁,이노뎁,18000.0,2021-06-18,"new_listing,subscription"
아모센스,아모센스,12400.0,2021-06-25,"new_listing,subscription"
에스디바이오센서,에스디바이오센서(유가),52000.0,2021-07-16,"new_listing,subscription"
큐라클,큐라클,25000.0,2021-07-22,"new_listing,subscription"
맥스트,맥스트,15000.0,2021-07-27,"new_listing,subscription"
에브리봇,에브리봇,36700.0,2021-07-28,"new_listing,subscription"
한화플러스스팩2호,한화플러스스팩2호,2000.0,2021-08-05,"new_listing,subscription"
카카오뱅크,카카오뱅크(유가),39000.0,2021-08-06,"new_listing,subscription"
에이치케이이노엔,에이치케이이노엔,59000.0,2021-08-09,"new_listing,subscription"
크래프톤,크래프톤(유가),498000.0,2021-08-10,"new_listing,subscription"
원티드랩,원티드랩,35000.0,2021-08-11,"new_listing,subscription"
플래티어,플래티어,11000.0,2021-08-12,"new_listing,subscription"
엠로,엠로,22600.0,2021-08-13,"new_listing,subscription"
딥노이드,딥노이드,42000.0,2021-08-17,"new_listing,subscription"
한컴라이프케어,한컴라이프케어(유가),13700.0,2021-08-17,"new_listing,subscription"
롯데렌탈,롯데렌탈(유가),59000.0,2021-08-19,"new_listing,subscription"
브레인즈컴퍼니,브레인즈컴퍼니,25000.0,2021-08-19,"new_listing,subscription"
아주스틸,아주스틸(유가),15100.0,2021-08-20,"new_listing,subscription"
바이젠셀,바이젠셀,52700.0,2021-08-25,"new_listing,subscription"
디앤디플랫폼리츠,디앤디플랫폼리츠,5000.0,2021-08-27,"new_listing,subscription"
일진하이솔루스,일진하이솔루스(유가),34300.0,2021-09-01,"new_listing,subscription"
ibks스팩16호,IBKS스팩16호,2000.0,2021-09-03,"new_listing,subscription"
에이비온,에이비온,17000.0,2021-09-08,"new_listing,subscription"
와이엠텍,와이엠텍,28000.0,2021-09-10,"new_listing,subscription"
유진스팩7호,유진스팩7호,2000.0,2021-09-13,"new_listing,subscription"
sk리츠,SK리츠(유가),5000.0,2021-09-14,"new_listing,subscription"
대신밸런스스팩10호,대신밸런스스팩10호,2000.0,2021-09-17,"new_listing,subscription"
현대중공업,현대중공업(유가),60000.0,2021-09-17,"new_listing,subscription"
바이오플러스,바이오플러스,31500.0,2021-09-27,"new_listing,subscription"
신한스팩8호,신한스팩8호,2000.0,2021-09-27,"new_listing,subscription"
프롬바이오,프롬바이오,18000.0,2021-09-28,"new_listing,subscription"
실리콘투,실리콘투,27200.0,2021-09-29,"new_listing,subscription"
에스앤디,에스앤디,28000.0,2021-09-29,"new_listing,subscription"
nh스팩20호,NH스팩20호,2000.0,2021-10-05,"new_listing,subscription"
아스플로,아스플로,25000.0,2021-10-07,"new_listing,subscription"
원준,원준,65000.0,2021-10-07,"new_listing,subscription"
하나금융스팩19호,하나금융스팩19호,2000.0,2021-10-07,"new_listing,subscription"
씨유테크,씨유테크,6000.0,2021-10-08,"new_listing,subscription"
케이카,케이카(유가),25000.0,2021-10-13,"new_listing,subscription"
nh스팩21호,NH스팩21호,2000.0,2021-10-15,"new_listing,subscription"
지아이텍,지아이텍,14000.0,2021-10-21,"new_listing,subscription"
차백신연구소,차백신연구소,11000.0,2021-10-22,"new_listing,subscription"
아이패밀리에스씨,아이패밀리에스씨,25000.0,2021-10-28,"new_listing,subscription"
리파인,리파인,21000.0,2021-10-29,"new_listing,subscription"
지앤비에스엔지니어링,지앤비에스엔지니어링,17400.0,2021-10-29,"new_listing,subscription"
엔켐,엔켐,42000.0,2021-11-01,"new_listing,subscription"
카카오페이,카카오페이(유가),90000.0,2021-11-03,"new_listing,subscription"
피코그램,피코그램,12500.0,2021-11-03,"new_listing,subscription"
지니너스,지니너스,20000.0,2021-11-08,"new_listing,subscription"
디어유,디어유,26000.0,2021-11-10,"new_listing,subscription"
비트나인,비트나인,11000.0,2021-11-10,"new_listing,subscription"
아이티아이즈,아이티아이즈,14300.0,2021-11-11,"new_listing,subscription"
지오엘리먼트,지오엘리먼트,10000.0,2021-11-11,"new_listing,subscription"
트윔,트윔,22000.0,2021-11-17,"new_listing,subscription"
nh올원리츠,NH올원리츠(유가),5000.0,2021-11-18,"new_listing,subscription"
바이옵트로,바이옵트로,7500.0,2021-11-18,"new_listing,subscription"
알비더블유,알비더블유,21400.0,2021-11-22,"new_listing,subscription"
마인즈랩,마인즈랩,30000.0,2021-11-23,"new_listing,subscription"
대신밸런스스팩11호,대신밸런스스팩11호,2000.0,2021-12-02,"new_listing,subscription"
미래에셋글로벌리츠,미래에셋글로벌리츠(유가),5000.0,2021-12-03,"new_listing,subscription"
신한서부티엔디리츠,신한서부티엔디리츠(유가),5000.0,2021-12-10,"new_listing,subscription"
툴젠,툴젠,70000.0,2021-12-10,"new_listing,subscription"
케이티비네트워크,케이티비네트워크,5800.0,2021-12-16,"new_listing,subscription"
교보스팩11호,교보스팩11호,2000.0,2021-12-20,"new_listing,subscription"
하이스팩7호,하이스팩7호,2000.0,2021-12-20,"new_listing,subscription"
nh스팩22호,NH스팩22호,2000.0,2021-12-24,"new_listing,subscription"
하나금융스팩20호,하나금융스팩20호,2000.0,2021-12-27,"new_listing,subscription"
래몽래인,래몽래인,15000.0,2021-12-30,"new_listing,subscription"
디비금융스팩10호,디비금융스팩10호,2000.0,2022-01-20,"new_listing,subscription"
오토앤,오토앤,5300.0,2022-01-20,"new_listing,subscription"
애드바이오텍,애드바이오텍,7000.0,2022-01-24,"new_listing,subscription"
케이옥션,케이옥션,20000.0,2022-01-24,"new_listing,subscription"
lg에너지솔루션,LG에너지솔루션(유가),300000.0,2022-01-27,"new_listing,subscription"
스코넥,스코넥,13000.0,2022-02-04,"new_listing,subscription"
이지트로닉스,이지트로닉스,22000.0,2022-02-04,"new_listing,subscription"
아셈스,아셈스,8000.0,2022-02-07,"new_listing,subscription"
나래나노텍,나래나노텍,17500.0,2022-02-08,"new_listing,subscription"
인카금융서비스,인카금융서비스,18000.0,2022-02-16,"new_listing,subscription"
ibks스팩17호,IBKS스팩17호,2000.0,2022-02-18,"new_listing,subscription"
바이오에프디엔씨,바이오에프디엔씨,28000.0,2022-02-21,"new_listing,subscription"
한국스팩10호,한국스팩10호,2000.0,2022-02-21,"new_listing,subscription"
퓨런티어,퓨런티어,15000.0,2022-02-23,"new_listing,subscription"
브이씨,브이씨,15000.0,2022-02-24,"new_listing,subscription"
스톤브릿지벤처스,스톤브릿지벤처스,8000.0,2022-02-25,"new_listing,subscription"
하나금융스팩21호,하나금융스팩21호,2000.0,2022-02-25,"new_listing,subscription"
풍원정밀,풍원정밀,15200.0,2022-02-28,"new_listing,subscription"
노을,노을,10000.0,2022-03-03,"new_listing,subscription"
비씨엔씨,비씨엔씨,13000.0,2022-03-03,"new_listing,subscription"
sk증권스팩7호,SK증권스팩7호,2000.0,2022-03-07,"new_listing,subscription"
모아데이타,모아데이타,20000.0,2022-03-10,"new_listing,subscription"
유일로보틱스,유일로보틱스,10000.0,2022-03-18,"new_listing,subscription"
공구우먼,공구우먼,20000.0,2022-03-23,"new_listing,subscription"
세아메카닉스,세아메카닉스,4400.0,2022-03-24,"new_listing,subscription"
코람코더원리츠,코람코더원리츠(유가),5000.0,2022-03-28,"new_listing,subscription"
유진스팩8호,유진스팩8호,2000.0,2022-03-31,"new_listing,subscription"
지투파워,지투파워,16400.0,2022-04-01,"new_listing,subscription"
키움스팩6호,키움스팩6호,2000.0,2022-04-07,"new_listing,subscription"
미래에셋비전스팩1호,미래에셋비전스팩1호,2000.0,2022-04-21,"new_listing,subscription"
신한스팩9호,신한스팩9호,2000.0,2022-04-27,"new_listing,subscription"
신영스팩7호,신영스팩7호,2000.0,2022-04-28,"new_listing,subscription"
포바이포,포바이포,17000.0,2022-04-28,"new_listing,subscription"
상상인스팩3호,상상인스팩3호,2000.0,2022-04-29,"new_listing,subscription"
대명에너지,대명에너지,15000.0,2022-05-16,"new_listing,subscription"
가온칩스,가온칩스,14000.0,2022-05-20,"new_listing,subscription"
하나금융스팩22호,하나금융스팩22호,2000.0,2022-05-26,"new_listing,subscription"
마스턴프리미어리츠,마스턴프리미어리츠(유가),5000.0,2022-05-31,"new_listing,subscription"
청담글로벌,청담글로벌,6000.0,2022-06-03,"new_listing,subscription"
범한퓨얼셀,범한퓨얼셀,40000.0,2022-06-17,"new_listing,subscription"
비플라이소프트,비플라이소프트,10000.0,2022-06-20,"new_listing,subscription"
kb스팩21호,KB스팩21호,2000.0,2022-06-23,"new_listing,subscription"
위니아에이드,위니아에이드,16200.0,2022-06-23,"new_listing,subscription"
교보스팩12호,교보스팩12호,2000.0,2022-06-24,"new_listing,subscription"
레이저쎌,레이저쎌,16000.0,2022-06-24,"new_listing,subscription"
보로노이,보로노이,40000.0,2022-06-24,"new_listing,subscription"
nh스팩23호,NH스팩23호,2000.0,2022-06-28,"new_listing,subscription"
삼성스팩6호,삼성스팩6호,2000.0,2022-06-30,"new_listing,subscription"
넥스트칩,넥스트칩,13000.0,2022-07-01,"new_listing,subscription"
코난테크놀로지,코난테크놀로지,25000.0,2022-07-07,"new_listing,subscription"
대신밸런스12호스팩,대신밸런스12호스팩,2000.0,2022-07-14,"new_listing,subscription"
영창케미칼,영창케미칼,18600.0,2022-07-14,"new_listing,subscription"
에이치피에스피,에이치피에스피,25000.0,2022-07-15,"new_listing,subscription"
루닛,루닛,30000.0,2022-07-21,"new_listing,subscription"
ibks스팩18호,IBKS스팩18호,2000.0,2022-07-22,"new_listing,subscription"
성일하이텍,성일하이텍,50000.0,2022-07-28,"new_listing,subscription"
에이프릴바이오,에이프릴바이오,16000.0,2022-07-28,"new_listing,subscription"
신한스팩10호,신한스팩10호,2000.0,2022-07-29,"new_listing,subscription"
아이씨에이치,아이씨에이치,34000.0,2022-07-29,"new_listing,subscription"
수산인더스트리,수산인더스트리(유가),35000.0,2022-08-01,"new_listing,subscription"
새빗켐,새빗켐,35000.0,2022-08-04,"new_listing,subscription"
유안타스팩9호,유안타스팩9호,2000.0,2022-08-04,"new_listing,subscription"
에이치와이티씨,에이치와이티씨,15000.0,2022-08-09,"new_listing,subscription"
대성하이텍,대성하이텍,9000.0,2022-08-22,"new_listing,subscription"
쏘카,쏘카(유가),28000.0,2022-08-22,"new_listing,subscription"
ibks스팩19호,IBKS스팩19호,2000.0,2022-08-26,"new_listing,subscription"
신영스팩8호,신영스팩8호,2000.0,2022-08-26,"new_listing,subscription"
키움스팩7호,키움스팩7호,2000.0,2022-09-07,"new_listing,subscription"
하나금융스팩23호,하나금융스팩23호,2000.0,2022-09-15,"new_listing,subscription"
kb스팩22호,KB스팩22호,2000.0,2022-09-22,"new_listing,subscription"
오픈엣지테크놀로지,오픈엣지테크놀로지,10000.0,2022-09-26,"new_listing,subscription"
알피바이오,알피바이오,13000.0,2022-09-29,"new_listing,subscription"
하나금융스팩24호,하나금융스팩24호,2000.0,2022-09-29,"new_listing,subscription"
한화플러스스팩3호,한화플러스스팩3호,2000.0,2022-09-29,"new_listing,subscription"
더블유씨피,더블유씨피,60000.0,2022-09-30,"new_listing,subscription"
선바이오,선바이오,11000.0,2022-10-05,"new_listing,subscription"
kb스타리츠,KB스타리츠(유가),5000.0,2022-10-06,"new_listing,subscription"
sk증권스팩8호,SK증권스팩8호,2000.0,2022-10-06,"new_listing,subscription"
유안타스팩10호,유안타스팩10호,2000.0,2022-10-06,"new_listing,subscription"
모델솔루션,모델솔루션,27000.0,2022-10-07,"new_listing,subscription"
이노룰스,이노룰스,12500.0,2022-10-07,"new_listing,subscription"
오에스피,오에스피,8400.0,2022-10-14,"new_listing,subscription"
에스비비테크,에스비비테크,12400.0,2022-10-17,"new_listing,subscription"
탑머티리얼,탑머티리얼,30000.0,2022-10-18,"new_listing,subscription"
샤페론,샤페론,5000.0,2022-10-19,"new_listing,subscription"
nh스팩24호,NH스팩24호,2000.0,2022-10-20,"new_listing,subscription"
핀텔,핀텔,8900.0,2022-10-20,"new_listing,subscription"
하나금융스팩25호,하나금융스팩25호,10000.0,2022-10-20,"new_listing,subscription"
한국스팩11호,한국스팩11호,2000.0,2022-10-20,"new_listing,subscription"
플라즈맵,플라즈맵,7000.0,2022-10-21,"new_listing,subscription"
삼성스팩7호,삼성스팩7호,10000.0,2022-10-26,"new_listing,subscription"
산돌,산돌,18800.0,2022-10-27,"new_listing,subscription"
ibks스팩20호,IBKS스팩20호,2000.0,2022-10-28,"new_listing,subscription"
저스템,저스템,10500.0,2022-10-28,"new_listing,subscription"
교보스팩13호,교보스팩13호,2000.0,2022-11-02,"new_listing,subscription"
큐알티,큐알티,44000.0,2022-11-02,"new_listing,subscription"
kb스팩23호,KB스팩23호,2000.0,2022-11-03,"new_listing,subscription"
nh스팩25호,NH스팩25호,2000.0,2022-11-03,"new_listing,subscription"
뉴로메카,뉴로메카,16900.0,2022-11-04,"new_listing,subscription"
제이아이테크,제이아이테크,16000.0,2022-11-04,"new_listing,subscription"
디티앤씨알오,디티앤씨알오,17000.0,2022-11-11,"new_listing,subscription"
윤성에프앤씨,윤성에프앤씨,49000.0,2022-11-14,"new_listing,subscription"
티쓰리엔터테인먼트,티쓰리엔터테인먼트,1700.0,2022-11-17,"new_listing,subscription"
티에프이,티에프이,10500.0,2022-11-17,"new_listing,subscription"
엔젯,엔젯,10000.0,2022-11-18,"new_listing,subscription"
유비온,유비온,2000.0,2022-11-18,"new_listing,subscription"
인벤티지랩,인벤티지랩,12000.0,2022-11-22,"new_listing,subscription"
펨트론,펨트론,8000.0,2022-11-24,"new_listing,subscription"
대신밸런스스팩13호,대신밸런스스팩13호,2000.0,2022-11-28,"new_listing,subscription"
nh스팩26호,NH스팩26호,2000.0,2022-12-01,"new_listing,subscription"
유진스팩9호,유진스팩9호,2000.0,2022-12-01,"new_listing,subscription"
대신밸런스스팩14호,대신밸런스스팩14호,2000.0,2022-12-05,"new_listing,subscription"
에스에이엠지엔터테인먼트,에스에이엠지엔터테인먼트,17000.0,2022-12-06,"new_listing,subscription"
ibks스팩21호,IBKS스팩21호,2000.0,2022-12-16,"new_listing,subscription"
nh스팩27호,NH스팩27호,2000.0,2022-12-16,"new_listing,subscription"
바이오노트,바이오노트(유가),9000.0,2022-12-22,"new_listing,subscription"
비엔케이스팩1호,비엔케이스팩1호,2000.0,2022-12-22,"new_listing,subscription"
신영스팩9호,신영스팩9호,2000.0,2022-12-27,"new_listing,subscription"
티이엠씨,티이엠씨,28000.0,2023-01-19,"new_listing,subscription"
한주라이트메탈,한주라이트메탈(구.한주금속),3100.0,2023-01-19,"new_listing,subscription"
미래반도체,미래반도체,6000.0,2023-01-27,"new_listing,subscription"
오브젠,오브젠,18000.0,2023-01-30,"new_listing,subscription"
삼기이브이,삼기이브이,11000.0,2023-02-03,"new_listing,subscription"
스튜디오미르,스튜디오미르,19500.0,2023-02-07,"new_listing,subscription"
꿈비,꿈비,5000.0,2023-02-09,"new_listing,subscription"
샌즈랩,샌즈랩,10500.0,2023-02-15,"new_listing,subscription"
제이오,제이오,13000.0,2023-02-16,"new_listing,subscription"
이노진,이노진,3000.0,2023-02-20,"new_listing,subscription"
미래에셋비전스팩2호,미래에셋비전스팩2호,2000.0,2023-02-24,"new_listing,subscription"
유안타스팩13호,유안타스팩13호,2000.0,2023-02-28,"new_listing,subscription"
바이오인프라,바이오인프라,21000.0,2023-03-02,"new_listing,subscription"
삼성스팩8호,삼성스팩8호,10000.0,2023-03-02,"new_listing,subscription"
나노팀,나노팀,13000.0,2023-03-03,"new_listing,subscription"
자람테크놀로지,자람테크놀로지,22000.0,2023-03-07,"new_listing,subscription"
하나스팩26호,하나스팩26호,2000.0,2023-03-07,"new_listing,subscription"
nh스팩28호,NH스팩28호,2000.0,2023-03-09,"new_listing,subscription"
금양그린파워,금양그린파워,10000.0,2023-03-13,"new_listing,subscription"
미래에셋드림스팩1호,미래에셋드림스팩1호,10000.0,2023-03-15,"new_listing,subscription"
유안타스팩12호,유안타스팩12호,2000.0,2023-03-17,"new_listing,subscription"
한화위탁관리부동산투자회사,한화위탁관리부동산투자회사,5000.0,2023-03-27,"new_listing,subscription"
엘비인베스트먼트,엘비인베스트먼트,5100.0,2023-03-29,"new_listing,subscription"
지아이이노베이션,지아이이노베이션,13000.0,2023-03-30,"new_listing,subscription"
ibks스팩22호,IBKS스팩22호,2000.0,2023-04-06,"new_listing,subscription"
하나스팩27호,하나스팩27호,2000.0,2023-04-06,"new_listing,subscription"
미래에셋비전스팩3호,미래에셋비전스팩3호,2000.0,2023-04-07,"new_listing,subscription"
삼성fn리츠,삼성FN리츠(유가),5000.0,2023-04-10,"new_listing,subscription"
마이크로투나노,마이크로투나노,15500.0,2023-04-26,"new_listing,subscription"
토마토시스템,토마토시스템,18200.0,2023-04-27,"new_listing,subscription"
에스바이오메딕스,에스바이오메딕스,18000.0,2023-05-04,"new_listing,subscription"
키움스팩8호,키움스팩8호,2000.0,2023-05-17,"new_listing,subscription"
트루엔,트루엔,12000.0,2023-05-17,"new_listing,subscription"
모니터랩,모니터랩,9800.0,2023-05-19,"new_listing,subscription"
씨유박스,씨유박스,15000.0,2023-05-19,"new_listing,subscription"
기가비스,기가비스,43000.0,2023-05-24,"new_listing,subscription"
진영,진영(구.진영엘디엠),5000.0,2023-06-01,"new_listing,subscription"
나라셀라,나라셀라,20000.0,2023-06-02,"new_listing,subscription"
마녀공장,마녀공장,16000.0,2023-06-08,"new_listing,subscription"
큐라티스,큐라티스,4000.0,2023-06-15,"new_listing,subscription"
프로테옴텍,프로테옴텍,4500.0,2023-06-16,"new_listing,subscription"
하이스팩8호,하이스팩8호,2000.0,2023-06-22,"new_listing,subscription"
kb스팩25호,KB스팩25호,2000.0,2023-06-23,"new_listing,subscription"
nh스팩29호,NH스팩29호,2000.0,2023-06-23,"new_listing,subscription"
하나스팩29호,하나스팩29호,2000.0,2023-06-28,"new_listing,subscription"
시큐센,시큐센,3000.0,2023-06-29,"new_listing,subscription"
알멕,알멕,50000.0,2023-06-30,"new_listing,subscription"
오픈놀,오픈놀,10000.0,2023-06-30,"new_listing,subscription"
교보스팩14호,교보스팩14호,2000.0,2023-07-06,"new_listing,subscription"
이노시뮬레이션,이노시뮬레이션,15000.0,2023-07-06,"new_listing,subscription"
디비금융스팩11호,디비금융스팩11호,2000.0,2023-07-12,"new_listing,subscription"
필에너지,필에너지,34000.0,2023-07-14,"new_listing,subscription"
센서뷰,센서뷰,4500.0,2023-07-19,"new_listing,subscription"
와이랩,와이랩,9000.0,2023-07-20,"new_listing,subscription"
sk증권스팩9호,SK증권스팩9호,2000.0,2023-07-21,"new_listing,subscription"
뷰티스킨,뷰티스킨,26000.0,2023-07-24,"new_listing,subscription"
버넥트,버넥트,16000.0,2023-07-26,"new_listing,subscription"
에이엘티,에이엘티,25000.0,2023-07-27,"new_listing,subscription"
유안타스팩14호,유안타스팩14호,2000.0,2023-07-27,"new_listing,subscription"
파로스아이바이오,파로스아이바이오,14000.0,2023-07-27,"new_listing,subscription"
시지트로닉스,시지트로닉스,25000.0,2023-08-03,"new_listing,subscription"
엠아이큐브솔루션,엠아이큐브솔루션,12000.0,2023-08-04,"new_listing,subscription"
파두,파두,31000.0,2023-08-07,"new_listing,subscription"
kb스팩26호,KB스팩26호,2000.0,2023-08-10,"new_listing,subscription"
코츠테크놀로지,코츠테크놀로지,13000.0,2023-08-10,"new_listing,subscription"
큐리옥스바이오시스템즈,큐리옥스바이오시스템즈,13000.0,2023-08-10,"new_listing,subscription"
하나스팩28호,하나스팩28호,2000.0,2023-08-10,"new_listing,subscription"
sk증권스팩10호,SK증권스팩10호,2000.0,2023-08-11,"new_listing,subscription"
빅토리콘텐츠,빅토리콘텐츠(구.빅텐츠),23000.0,2023-08-17,"new_listing,subscription"
넥스틸,넥스틸,11500.0,2023-08-21,"new_listing,subscription"
스마트레이더시스템,스마트레이더시스템,8000.0,2023-08-22,"new_listing,subscription"
시큐레터,시큐레터,12000.0,2023-08-24,"new_listing,subscription"
대신밸런스스팩15호,대신밸런스스팩15호,2000.0,2023-08-30,"new_listing,subscription"
한국스팩12호,한국스팩12호,2000.0,2023-08-30,"new_listing,subscription"
유안타스팩11호,유안타스팩11호,2000.0,2023-09-01,"new_listing,subscription"
대신밸런스스팩16호,대신밸런스스팩16호,2000.0,2023-09-04,"new_listing,subscription"
한화플러스스팩4호,한화플러스스팩4호,2000.0,2023-09-07,"new_listing,subscription"
상상인스팩4호,상상인스팩4호,2000.0,2023-09-14,"new_listing,subscription"
인스웨이브시스템즈,인스웨이브시스템즈,24000.0,2023-09-25,"new_listing,subscription"
밀리의서재,밀리의서재,23000.0,2023-09-27,"new_listing,subscription"
신한스팩11호,신한스팩11호,2000.0,2023-10-04,"new_listing,subscription"
한싹,한싹,12500.0,2023-10-04,"new_listing,subscription"
두산로보틱스,두산로보틱스,26000.0,2023-10-05,"new_listing,subscription"
레뷰코퍼레이션,레뷰코퍼레이션,15000.0,2023-10-06,"new_listing,subscription"
아이엠티,아이엠티,14000.0,2023-10-10,"new_listing,subscription"
에이치엠씨아이비스팩6호,에이치엠씨아이비스팩6호,2000.0,2023-10-13,"new_listing,subscription"
퓨릿,퓨릿(구.신디프),10700.0,2023-10-18,"new_listing,subscription"
신성에스티,신성에스티,26000.0,2023-10-19,"new_listing,subscription"
에스엘에스바이오,에스엘에스바이오,7000.0,2023-10-20,"new_listing,subscription"
워트,워트,6500.0,2023-10-26,"new_listing,subscription"
퀄리타스반도체,퀄리타스반도체,17000.0,2023-10-27,"new_listing,subscription"
유진테크놀로지,유진테크놀로지,17000.0,2023-11-02,"new_listing,subscription"
유투바이오,유투바이오,4400.0,2023-11-02,"new_listing,subscription"
kb스팩27호,KB스팩27호,2000.0,2023-11-03,"new_listing,subscription"
쏘닉스,쏘닉스,7500.0,2023-11-07,"new_listing,subscription"
메가터치,메가터치,4800.0,2023-11-09,"new_listing,subscription"
비아이매트릭스,비아이매트릭스,13000.0,2023-11-09,"new_listing,subscription"
컨텍,컨텍,22500.0,2023-11-09,"new_listing,subscription"
큐로셀,큐로셀,20000.0,2023-11-09,"new_listing,subscription"
에스와이스틸텍,에스와이스틸텍,1800.0,2023-11-13,"new_listing,subscription"
에이직랜드,에이직랜드,25000.0,2023-11-13,"new_listing,subscription"
한국스팩13호,한국스팩13호,2000.0,2023-11-13,"new_listing,subscription"
캡스톤파트너스,캡스톤파트너스,4000.0,2023-11-15,"new_listing,subscription"
에코프로머티리얼즈,에코프로머티리얼즈(유가),36200.0,2023-11-17,"new_listing,subscription"
스톰테크,스톰테크,11000.0,2023-11-20,"new_listing,subscription"
동인기연,동인기연(유가),30000.0,2023-11-21,"new_listing,subscription"
에코아이,에코아이,34700.0,2023-11-21,"new_listing,subscription"
그린리소스,그린리소스,17000.0,2023-11-24,"new_listing,subscription"
한선엔지니어링,한선엔지니어링,7000.0,2023-11-24,"new_listing,subscription"
에이에스텍,에이에스텍,28000.0,2023-11-28,"new_listing,subscription"
nh스팩30호,NH스팩30호,2000.0,2023-12-01,"new_listing,subscription"
에이텀,에이텀,18000.0,2023-12-01,"new_listing,subscription"
삼성스팩9호,삼성스팩9호,2000.0,2023-12-04,"new_listing,subscription"
교보스팩15호,교보스팩15호,2000.0,2023-12-05,"new_listing,subscription"
와이바이오로직스,와이바이오로직스,9000.0,2023-12-05,"new_listing,subscription"
케이엔에스,케이엔에스,23000.0,2023-12-06,"new_listing,subscription"
ls머트리얼즈,LS머트리얼즈,6000.0,2023-12-12,"new_listing,subscription"
블루엠텍,블루엠텍,19000.0,2023-12-13,"new_listing,subscription"
ibks스팩23호,IBKS스팩23호,2000.0,2023-12-22,"new_listing,subscription"
디에스단석,"디에스단석(구,단석산업)",100000.0,2023-12-22,"new_listing,subscription"
하나스팩30호,하나스팩30호,2000.0,2023-12-22,"new_listing,subscription"
대신밸런스스팩17호,대신밸런스스팩17호,2000.0,2024-01-24,"new_listing,subscription"
우진엔텍,우진엔텍,5300.0,2024-01-24,"new_listing,subscription"
에이치비인베스트먼트,에이치비인베스트먼트,3400.0,2024-01-25,"new_listing,subscription"
현대힘스,현대힘스,7300.0,2024-01-26,"new_listing,subscription"
포스뱅크,포스뱅크,18000.0,2024-01-29,"new_listing,subscription"
ibks스팩24호,IBKS스팩24호,2000.0,2024-02-01,"new_listing,subscription"
이닉스,이닉스(구.이닉스정호),14000.0,2024-02-01,"new_listing,subscription"
스튜디오삼익,스튜디오삼익,18000.0,2024-02-06,"new_listing,subscription"
신영스팩10호,신영스팩10호,2000.0,2024-02-06,"new_listing,subscription"
케이웨더,케이웨더,7000.0,2024-02-22,"new_listing,subscription"
이에이트,이에이트,20000.0,2024-02-23,"new_listing,subscription"
코셈,코셈,16000.0,2024-02-23,"new_listing,subscription"
에이피알,에이피알(유가),250000.0,2024-02-27,"new_listing,subscription"
유안타스팩15호,유안타스팩15호,2000.0,2024-02-29,"new_listing,subscription"
유진스팩10호,유진스팩10호,2000.0,2024-02-29,"new_listing,subscription"
sk증권스팩11호,SK증권스팩11호,2000.0,2024-03-04,"new_listing,subscription"
비엔케이스팩2호,비엔케이스팩2호,2000.0,2024-03-05,"new_listing,subscription"
하나스팩31호,하나스팩31호,2000.0,2024-03-05,"new_listing,subscription"
케이엔알시스템,케이엔알시스템,13500.0,2024-03-07,"new_listing,subscription"
오상헬스케어,오상헬스케어,20000.0,2024-03-13,"new_listing,subscription"
삼현,삼현,30000.0,2024-03-21,"new_listing,subscription"
엔젤로보틱스,엔젤로보틱스,20000.0,2024-03-26,"new_listing,subscription"
하나스팩32호,하나스팩32호,2000.0,2024-03-27,"new_listing,subscription"
아이엠비디엑스,아이엠비디엑스,13000.0,2024-04-03,"new_listing,subscription"
신한스팩12호,신한스팩12호,2000.0,2024-04-15,"new_listing,subscription"
신한스팩13호,신한스팩13호,2000.0,2024-04-22,"new_listing,subscription"
하나스팩33호,하나스팩33호,2000.0,2024-04-24,"new_listing,subscription"
제일엠앤에스,제일엠앤에스(구.제일기공),22000.0,2024-04-30,"new_listing,subscription"
디앤디파마텍,디앤디파마텍,33000.0,2024-05-02,"new_listing,subscription"
유안타스팩16호,유안타스팩16호,2000.0,2024-05-02,"new_listing,subscription"
민테크,민테크,10500.0,2024-05-03,"new_listing,subscription"
sk증권스팩12호,SK증권스팩12호,2000.0,2024-05-07,"new_listing,subscription"
코칩,코칩,18000.0,2024-05-07,"new_listing,subscription"
hd현대마린솔루션,HD현대마린솔루션(구.HD현대글로벌서비스)(유가),83400.0,2024-05-08,"new_listing,subscription"
kb스팩28호,KB스팩28호,2000.0,2024-05-17,"new_listing,subscription"
아이씨티케이,아이씨티케이,20000.0,2024-05-17,"new_listing,subscription"
노브랜드,노브랜드,14000.0,2024-05-23,"new_listing,subscription"
미래에셋비전스팩4호,미래에셋비전스팩4호,2000.0,2024-05-29,"new_listing,subscription"
그리드위즈,그리드위즈,40000.0,2024-06-14,"new_listing,subscription"
라메디텍,라메디텍,16000.0,2024-06-17,"new_listing,subscription"
디비금융스팩12호,디비금융스팩12호,2000.0,2024-06-18,"new_listing,subscription"
미래에셋비전스팩5호,미래에셋비전스팩5호,2000.0,2024-06-19,"new_listing,subscription"
씨어스테크놀로지,씨어스테크놀로지,17000.0,2024-06-19,"new_listing,subscription"
한국스팩14호,한국스팩14호,2000.0,2024-06-19,"new_listing,subscription"
kb스팩29호,KB스팩29호,2000.0,2024-06-21,"new_listing,subscription"
미래에셋비전스팩6호,미래에셋비전스팩6호,2000.0,2024-06-24,"new_listing,subscription"
에이치엠씨아이비스팩7호,에이치엠씨아이비스팩7호,2000.0,2024-06-24,"new_listing,subscription"
한중엔시에스,한중엔시에스,30000.0,2024-06-24,"new_listing,subscription"
에스오에스랩,에스오에스랩,11500.0,2024-06-25,"new_listing,subscription"
한국스팩15호,한국스팩15호,2000.0,2024-06-26,"new_listing,subscription"
하이젠알앤엠,하이젠알앤엠,7000.0,2024-06-27,"new_listing,subscription"
에이치브이엠,에이치브이엠(구.한국진공야금),18000.0,2024-06-28,"new_listing,subscription"
신한글로벌액티브리츠,신한글로벌액티브리츠,3000.0,2024-07-01,"new_listing,subscription"
이노스페이스,이노스페이스,43300.0,2024-07-02,"new_listing,subscription"
하스,하스,16000.0,2024-07-03,"new_listing,subscription"
시프트업,시프트업(유가),60000.0,2024-07-11,"new_listing,subscription"
이베스트스팩6호,이베스트스팩6호,2000.0,2024-07-12,"new_listing,subscription"
엑셀세라퓨틱스,엑셀세라퓨틱스,10000.0,2024-07-15,"new_listing,subscription"
sk증권스팩13호,SK증권스팩13호,2000.0,2024-07-25,"new_listing,subscription"
nh스팩31호,NH스팩31호,2000.0,2024-07-26,"new_listing,subscription"
산일전기,산일전기(유가),35000.0,2024-07-29,"new_listing,subscription"
피앤에스미캐닉스,피앤에스미캐닉스,22000.0,2024-07-31,"new_listing,subscription"
아이빔테크놀로지,아이빔테크놀로지,10000.0,2024-08-06,"new_listing,subscription"
뱅크웨어글로벌,뱅크웨어글로벌,16000.0,2024-08-12,"new_listing,subscription"
교보스팩16호,교보스팩16호,2000.0,2024-08-13,"new_listing,subscription"
유라클,유라클,21000.0,2024-08-16,"new_listing,subscription"
전진건설로봇,전진건설로봇(구.전진중공업)(유가),16500.0,2024-08-19,"new_listing,subscription"
넥스트바이오메디컬,넥스트바이오메디컬,29000.0,2024-08-20,"new_listing,subscription"
케이쓰리아이,케이쓰리아이,15500.0,2024-08-20,"new_listing,subscription"
티디에스팜,티디에스팜,13000.0,2024-08-21,"new_listing,subscription"
대신밸런스스팩18호,대신밸런스스팩18호,2000.0,2024-08-22,"new_listing,subscription"
엠83,엠83,16000.0,2024-08-22,"new_listing,subscription"
이엔셀,이엔셀,15300.0,2024-08-23,"new_listing,subscription"
아이스크림미디어,아이스크림미디어(구.시공미디어),32000.0,2024-08-30,"new_listing,subscription"
미래에셋비전스팩7호,미래에셋비전스팩7호,2000.0,2024-09-11,"new_listing,subscription"
아이언디바이스,아이언디바이스,7000.0,2024-09-23,"new_listing,subscription"
kb스팩30호,KB스팩30호,2000.0,2024-09-25,"new_listing,subscription"
제닉스,제닉스,40000.0,2024-09-30,"new_listing,subscription"
셀비온,셀비온,15000.0,2024-10-16,"new_listing,subscription"
와이제이링크,와이제이링크,12000.0,2024-10-18,"new_listing,subscription"
인스피언,인스피언,12000.0,2024-10-18,"new_listing,subscription"
루미르,루미르,12000.0,2024-10-21,"new_listing,subscription"
한켐,한켐,18000.0,2024-10-22,"new_listing,subscription"
씨메스,씨메스,30000.0,2024-10-24,"new_listing,subscription"
에이치엔에스하이텍,에이치엔에스하이텍,22000.0,2024-10-25,"new_listing,subscription"
웨이비스,웨이비스,15000.0,2024-10-25,"new_listing,subscription"
클로봇,클로봇,13000.0,2024-10-28,"new_listing,subscription"
성우,성우,32000.0,2024-10-31,"new_listing,subscription"
유진스팩11호,유진스팩11호,2000.0,2024-10-31,"new_listing,subscription"
에이럭스,에이럭스,16000.0,2024-11-01,"new_listing,subscription"
탑런토탈솔루션,탑런토탈솔루션,18000.0,2024-11-01,"new_listing,subscription"
에이치이엠파마,에이치이엠파마(구.에이치이엠),23000.0,2024-11-05,"new_listing,subscription"
더본코리아,더본코리아(유가),34000.0,2024-11-06,"new_listing,subscription"
토모큐브,토모큐브,16000.0,2024-11-07,"new_listing,subscription"
에어레인,에어레인,23000.0,2024-11-08,"new_listing,subscription"
노머스,노머스,30200.0,2024-11-12,"new_listing,subscription"
닷밀,닷밀,13000.0,2024-11-13,"new_listing,subscription"
쓰리빌리언,쓰리빌리언,4500.0,2024-11-14,"new_listing,subscription"
신한스팩15호,신한스팩15호,2000.0,2024-11-15,"new_listing,subscription"
에스켐,에스켐,10000.0,2024-11-18,"new_listing,subscription"
엠오티,엠오티,10000.0,2024-11-18,"new_listing,subscription"
사이냅소프트,사이냅소프트,24500.0,2024-11-19,"new_listing,subscription"
하나스팩34호,하나스팩34호,2000.0,2024-11-19,"new_listing,subscription"
대신밸런스스팩19호,대신밸런스스팩19호,2000.0,2024-11-20,"new_listing,subscription"
위츠,위츠,6400.0,2024-11-20,"new_listing,subscription"
교보스팩17호,교보스팩17호,2000.0,2024-11-21,"new_listing,subscription"
디비금융스팩13호,디비금융스팩13호,2000.0,2024-11-28,"new_listing,subscription"
케이비발해인프라투융자회사,케이비발해인프라투융자회사,8400.0,2024-11-29,"new_listing,subscription"
키움스팩11호,키움스팩11호,2000.0,2024-12-11,"new_listing,subscription"
kb스팩31호,KB스팩31호,2000.0,2024-12-12,"new_listing,subscription"
벡트,벡트,3900.0,2024-12-16,"new_listing,subscription"
엠앤씨솔루션,엠앤씨솔루션(유가),65000.0,2024-12-16,"new_listing,subscription"
온코크로스,온코크로스,7300.0,2024-12-18,"new_listing,subscription"
온코닉테라퓨틱스,온코닉테라퓨틱스,13000.0,2024-12-19,"new_listing,subscription"
듀켐바이오,듀켐바이오,8000.0,2024-12-20,"new_listing,subscription"
키움스팩10호,키움스팩10호,2000.0,2024-12-20,"new_listing,subscription"
신한스팩14호,신한스팩14호,2000.0,2024-12-23,"new_listing,subscription"
쓰리에이로직스,쓰리에이로직스,11000.0,2024-12-24,"new_listing,subscription"
파인메딕스,파인메딕스,10000.0,2024-12-26,"new_listing,subscription"
미트박스글로벌,미트박스글로벌,19000.0,2025-01-23,"new_listing,subscription"
유안타스팩17호,유안타스팩17호,2000.0,2025-01-23,"new_listing,subscription"
데이원컴퍼니,데이원컴퍼니(구.패스트캠퍼스),13000.0,2025-01-24,"new_listing,subscription"
아스테라시스,아스테라시스,4600.0,2025-01-24,"new_listing,subscription"
와이즈넛,와이즈넛,17000.0,2025-01-24,"new_listing,subscription"
삼양엔씨켐,삼양엔씨켐(구.엔씨켐),18000.0,2025-02-03,"new_listing,subscription"
아이지넷,아이지넷,7000.0,2025-02-04,"new_listing,subscription"
피아이이,피아이이,5000.0,2025-02-04,"new_listing,subscription"
lgcns,LGCNS(유가),61900.0,2025-02-05,"new_listing,subscription"
아이에스티이,아이에스티이,11400.0,2025-02-12,"new_listing,subscription"
동방메디컬,동방메디컬,10500.0,2025-02-13,"new_listing,subscription"
오름테라퓨틱,오름테라퓨틱,20000.0,2025-02-14,"new_listing,subscription"
동국생명과학,동국생명과학,9000.0,2025-02-17,"new_listing,subscription"
모티브링크,모티브링크(구.용인전자),6000.0,2025-02-20,"new_listing,subscription"
위너스,위너스,8500.0,2025-02-24,"new_listing,subscription"
엘케이켐,엘케이켐,21000.0,2025-02-25,"new_listing,subscription"
대진첨단소재,대진첨단소재,9000.0,2025-03-06,"new_listing,subscription"
엠디바이스,엠디바이스(구.메가일렉트로닉스),8350.0,2025-03-07,"new_listing,subscription"
서울보증보험,서울보증보험(유가),26000.0,2025-03-14,"new_listing,subscription"
씨케이솔루션,씨케이솔루션(유가),15000.0,2025-03-17,"new_listing,subscription"
티엑스알로보틱스,티엑스알로보틱스,13500.0,2025-03-20,"new_listing,subscription"
한텍,한텍,10800.0,2025-03-20,"new_listing,subscription"
한화플러스스팩5호,한화플러스스팩5호,2000.0,2025-03-20,"new_listing,subscription"
심플랫폼,심플랫폼,15000.0,2025-03-21,"new_listing,subscription"
더즌,더즌,9000.0,2025-03-24,"new_listing,subscription"
에이유브랜즈,에이유브랜즈,16000.0,2025-04-03,"new_listing,subscription"
한국피아이엠,한국피아이엠,11200.0,2025-04-04,"new_listing,subscription"
쎄크,쎄크,15000.0,2025-04-28,"new_listing,subscription"
나우로보틱스,나우로보틱스(구.나우테크닉스),6800.0,2025-05-08,"new_listing,subscription"
오가노이드사이언스,오가노이드사이언스,21000.0,2025-05-09,"new_listing,subscription"
원일티엔아이,원일티엔아이,13500.0,2025-05-09,"new_listing,subscription"
로킷헬스케어,로킷헬스케어,11000.0,2025-05-12,"new_listing,subscription"
이뮨온시아,이뮨온시아,3600.0,2025-05-19,"new_listing,subscription"
바이오비쥬,바이오비쥬,9100.0,2025-05-20,"new_listing,subscription"
달바글로벌,달바글로벌(구.비모뉴먼트)(유가),66300.0,2025-05-22,"new_listing,subscription"
인투셀,인투셀,17000.0,2025-05-23,"new_listing,subscription"
신한스팩16호,신한스팩16호,2000.0,2025-05-29,"new_listing,subscription"
키스트론,키스트론,3600.0,2025-06-02,"new_listing,subscription"
링크솔루션,링크솔루션,23000.0,2025-06-10,"new_listing,subscription"
gc지놈,GC지놈(구.GC녹십자지놈),10500.0,2025-06-11,"new_listing,subscription"
지에프씨생명과학,지에프씨생명과학,15300.0,2025-06-30,"new_listing,subscription"
kb스팩32호,KB스팩32호,2000.0,2025-07-04,"new_listing,subscription"
뉴엔에이아이,뉴엔에이아이(구.알에스엔),15000.0,2025-07-04,"new_listing,subscription"
싸이닉솔루션,싸이닉솔루션,4700.0,2025-07-07,"new_listing,subscription"
대신밸류리츠,대신밸류리츠(유가),5000.0,2025-07-10,"new_listing,subscription"
아우토크립트,아우토크립트,22000.0,2025-07-15,"new_listing,subscription"
ls스팩1호,LS스팩1호,2000.0,2025-07-22,"new_listing,subscription"
디비금융스팩14호,디비금융스팩14호,2000.0,2025-07-22,"new_listing,subscription"
도우인시스,도우인시스,32000.0,2025-07-23,"new_listing,subscription"
뉴로핏,뉴로핏,14000.0,2025-07-25,"new_listing,subscription"
엔알비,엔알비,21000.0,2025-07-28,"new_listing,subscription"
프로티나,프로티나,14000.0,2025-07-29,"new_listing,subscription"
대한조선,대한조선(유가),50000.0,2025-08-01,"new_listing,subscription"
하나스팩35호,하나스팩35호,2000.0,2025-08-06,"new_listing,subscription"
아이티켐,아이티켐,16100.0,2025-08-07,"new_listing,subscription"
교보스팩18호,교보스팩18호,2000.0,2025-08-14,"new_listing,subscription"
지투지바이오,지투지바이오,58000.0,2025-08-14,"new_listing,subscription"
삼양컴텍,삼양컴텍,7700.0,2025-08-18,"new_listing,subscription"
에스엔시스,에스엔시스,30000.0,2025-08-19,"new_listing,subscription"
한라캐스트,한라캐스트,5800.0,2025-08-20,"new_listing,subscription"
삼성스팩10호,삼성스팩10호,2000.0,2025-08-21,"new_listing,subscription"
제이피아이헬스케어,제이피아이헬스케어(구.정원정밀공업),20000.0,2025-08-21,"new_listing,subscription"
그래피,그래피,15000.0,2025-08-25,"new_listing,subscription"
에스투더블유,에스투더블유,13200.0,2025-09-19,"new_listing,subscription"
kb스팩33호,KB스팩33호,2000.0,2025-09-30,"new_listing,subscription"
삼성스팩11호,삼성스팩11호,2000.0,2025-09-30,"new_listing,subscription"
명인제약,명인제약(유가),58000.0,2025-10-01,"new_listing,subscription"
노타,노타,9100.0,2025-11-03,"new_listing,subscription"
이노테크,이노테크,14700.0,2025-11-07,"new_listing,subscription"
큐리오시스,큐리오시스,22000.0,2025-11-13,"new_listing,subscription"
세나테크놀로지,세나테크놀로지,56800.0,2025-11-14,"new_listing,subscription"
그린광학,그린광학,16000.0,2025-11-17,"new_listing,subscription"
더핑크퐁컴퍼니,더핑크퐁컴퍼니(구.스마트스터디),38000.0,2025-11-18,"new_listing,subscription"
씨엠티엑스,씨엠티엑스,60500.0,2025-11-20,"new_listing,subscription"
비엔케이스팩3호,비엔케이스팩3호,2000.0,2025-11-21,"new_listing,subscription"
비츠로넥스텍,비츠로넥스텍,6900.0,2025-11-21,"new_listing,subscription"
신영스팩11호,신영스팩11호,2000.0,2025-11-24,"new_listing,subscription"
미래에셋비전스팩8호,미래에셋비전스팩8호,2000.0,2025-11-27,"new_listing,subscription"
아로마티카,아로마티카,8000.0,2025-11-27,"new_listing,subscription"
삼성스팩12호,삼성스팩12호,2000.0,2025-11-28,"new_listing,subscription"
미래에셋비전스팩9호,미래에셋비전스팩9호,2000.0,2025-12-01,"new_listing,subscription"
에임드바이오,에임드바이오,11000.0,2025-12-04,"new_listing,subscription"
nh스팩32호,NH스팩32호,2000.0,2025-12-05,"new_listing,subscription"
테라뷰홀딩스,테라뷰홀딩스,8000.0,2025-12-09,"new_listing,subscription"
페스카로,페스카로,15500.0,2025-12-10,"new_listing,subscription"
유진스팩12호,유진스팩12호,2000.0,2025-12-11,"new_listing,subscription"
이지스,이지스,15000.0,2025-12-11,"new_listing,subscription"
교보스팩19호,교보스팩19호,2000.0,2025-12-12,"new_listing,subscription"
쿼드메디슨,쿼드메디슨,15000.0,2025-12-12,"new_listing,subscription"
키움히어로스팩1호,키움히어로스팩1호,2000.0,2025-12-12,"new_listing,subscription"
메리츠스팩1호,메리츠스팩1호,2000.0,2025-12-15,"new_listing,subscription"
티엠씨,티엠씨(유가),9300.0,2025-12-15,"new_listing,subscription"
아크릴,아크릴,19500.0,2025-12-16,"new_listing,subscription"
나라스페이스테크놀로지,나라스페이스테크놀로지,16500.0,2025-12-17,"new_listing,subscription"
알지노믹스,알지노믹스,22500.0,2025-12-18,"new_listing,subscription"
ibks스팩25호,IBKS스팩25호,2000.0,2025-12-19,"new_listing,subscription"
미래에셋비전스팩11호,미래에셋비전스팩11호,2000.0,2025-12-22,"new_listing,subscription"
삼진식품,삼진식품,7600.0,2025-12-22,"new_listing,subscription"
하나스팩36호,하나스팩36호,2000.0,2025-12-22,"new_listing,subscription"
미래에셋비전스팩10호,미래에셋비전스팩10호,2000.0,2025-12-23,"new_listing,subscription"
리브스메드,리브스메드,55000.0,2025-12-24,"new_listing,subscription"
세미파이브,세미파이브,24000.0,2025-12-29,"new_listing,subscription"
삼성스팩13호,삼성스팩13호,2000.0,2026-01-21,"new_listing,subscription"
덕양에너젠,덕양에너젠,10000.0,2026-01-30,"new_listing,subscription"
케이뱅크,케이뱅크(유가),8300.0,2026-03-05,"new_listing,subscription"
에스팀,에스팀,8500.0,2026-03-06,"new_listing,subscription"
액스비스,액스비스,11500.0,2026-03-09,"new_listing,subscription"
카나프테라퓨틱스,카나프테라퓨틱스,20000.0,2026-03-16,"new_listing,subscription"
아이엠바이오로직스,아이엠바이오로직스,26000.0,2026-03-20,"new_listing,subscription"
한패스,한패스,19000.0,2026-03-25,"new_listing,subscription"
메쥬,메쥬,21600.0,2026-03-26,"new_listing,subscription"
nh스팩33호,NH스팩33호,2000.0,2026-03-27,"new_listing,subscription"
리센스메디컬,리센스메디컬,11000.0,2026-03-31,"new_listing,subscription"
신한스팩17호,신한스팩17호,2000.0,2026-04-01,"new_listing,subscription"
교보스팩20호,교보스팩20호,2000.0,2026-04-02,"new_listing,subscription"
인벤테라,인벤테라,16600.0,2026-04-02,"new_listing,subscription"
ibks스팩10호,IBKS스팩10호,2000.0,,subscription
ibks스팩11호,IBKS스팩11호,2000.0,,subscription
ibks스팩12호,IBKS스팩12호,2000.0,,subscription
ibks스팩13호,IBKS스팩13호,2000.0,,subscription
ibks스팩14호,IBKS스팩14호,2000.0,,subscription
ibks스팩9호,IBKS스팩9호,2000.0,,subscription
sk바이오팜,SK바이오팜(유가),49000.0,,subscription
고바이오랩,고바이오랩,15000.0,,subscription
골든브릿지이안스팩5호,골든브릿지이안스팩5호,2000.0,,subscription
교보스팩10호,교보스팩10호,2000.0,,subscription
교보스팩8호,교보스팩8호,2000.0,,subscription
교보스팩9호,교보스팩9호,2000.0,,subscription
교촌에프앤비,교촌에프앤비(유가),12300.0,,subscription
그린플러스,그린플러스,10000.0,,subscription
까스텔바쟉,까스텔바쟉,12000.0,,subscription
나노브릭,나노브릭,16000.0,,subscription
나우아이비캐피탈,나우아이비캐피탈,8500.0,,subscription
남화산업,남화산업,3700.0,,subscription
네오크레마,네오크레마,8000.0,,subscription
네오펙트,네오펙트,11000.0,,subscription
네패스아크,네패스아크,26500.0,,subscription
넥스틴,넥스틴,75400.0,,subscription
노랑풍선,노랑풍선,20000.0,,subscription
노바렉스,노바렉스,19000.0,,subscription
노바텍,노바텍,10000.0,,subscription
노터스,노터스,20000.0,,subscription
녹십자웰빙,녹십자웰빙,11300.0,,subscription
뉴트리,뉴트리,14500.0,,subscription
대모,대모(구.대모엔지니어링),5200.0,,subscription
대보마그네틱,대보마그네틱,31000.0,,subscription
대신밸런스스팩3호,대신밸런스스팩3호,2000.0,,subscription
대신밸런스스팩5호,대신밸런스스팩5호,2000.0,,subscription
대신밸런스스팩6호,대신밸런스스팩6호,2000.0,,subscription
대신밸런스스팩7호,대신밸런스스팩7호,2000.0,,subscription
대신밸런스스팩8호,대신밸런스스팩8호,2000.0,,subscription
대유,대유,9000.0,,subscription
대유에이피,대유에이피,3000.0,,subscription
더네이쳐홀딩스,더네이쳐홀딩스,46000.0,,subscription
덕산테코피아,덕산테코피아,19000.0,,subscription
동구바이오제약,동구바이오제약,16000.0,,subscription
드림씨아이에스,드림씨아이에스,14900.0,,subscription
드림텍,드림텍(유가),13000.0,,subscription
디바이스이엔지,디바이스이엔지,12000.0,,subscription
디비금융스팩6호,디비금융스팩6호,2000.0,,subscription
디비금융스팩7호,디비금융스팩7호,2000.0,,subscription
디비금융스팩8호,디비금융스팩8호,2000.0,,subscription
디아이티,디아이티,10000.0,,subscription
디알젬,디알젬,6500.0,,subscription
디자인,디자인,10100.0,,subscription
디지캡,디지캡,12000.0,,subscription
디케이앤디,디케이앤디,6000.0,,subscription
디케이티,디케이티,7400.0,,subscription
라닉스,라닉스,6000.0,,subscription
라온피플,라온피플,14000.0,,subscription
라파스,라파스,20000.0,,subscription
레몬,레몬,7200.0,,subscription
레이,레이,20000.0,,subscription
로보티즈,로보티즈,14000.0,,subscription
롯데글로벌로지스,롯데글로벌로지스(구.현대로지스틱스)(유가),,,subscription
롯데리츠,롯데리츠(유가),5000.0,,subscription
롯데정보통신,롯데정보통신(유가),29800.0,,subscription
리메드,리메드,13000.0,,subscription
린드먼아시아인베스트먼트,린드먼아시아인베스트먼트,6500.0,,subscription
링크제니시스,링크제니시스,30000.0,,subscription
마니커에프앤지,마니커에프앤지,4000.0,,subscription
마이크로디지탈,마이크로디지탈,23000.0,,subscription
마크로밀엠브레인,마크로밀엠브레인,6800.0,,subscription
마키나락스,마키나락스,,,subscription
머큐리,머큐리,6100.0,,subscription
메드팩토,메드팩토,40000.0,,subscription
메탈라이프,메탈라이프,13000.0,,subscription
명성티엔에스,명성티엔에스,20000.0,,subscription
명신산업,명신산업(유가),6500.0,,subscription
미디어젠,미디어젠,10600.0,,subscription
미래에셋대우스팩2호,미래에셋대우스팩2호,2000.0,,subscription
미래에셋대우스팩3호,미래에셋대우스팩3호,2000.0,,subscription
미래에셋대우스팩4호,미래에셋대우스팩4호,2000.0,,subscription
미래에셋대우스팩5호,미래에셋대우스팩5호,2000.0,,subscription
미래에셋맵스리츠1호,미래에셋맵스리츠1호(유가),5000.0,,subscription
미래에셋벤처투자,미래에셋벤처투자,4500.0,,subscription
미코바이오메드,미코바이오메드,15000.0,,subscription
미투젠,미투젠,27000.0,,subscription
바이브컴퍼니,바이브컴퍼니,28000.0,,subscription
바이오솔루션,바이오솔루션,29000.0,,subscription
박셀바이오,박셀바이오,30000.0,,subscription
배럴,배럴,9500.0,,subscription
베스파,베스파,35000.0,,subscription
브랜드엑스코퍼레이션,브랜드엑스코퍼레이션,13000.0,,subscription
브릿지바이오테라퓨틱스,브릿지바이오테라퓨틱스,60000.0,,subscription
비나텍,비나텍,33000.0,,subscription
비비씨,비비씨,30700.0,,subscription
비피도,비피도,18000.0,,subscription
삼성머스트스팩3호,삼성머스트스팩3호,2000.0,,subscription
삼성스팩2호,삼성스팩2호,2000.0,,subscription
상상인이안스팩2호,상상인이안스팩2호,2000.0,,subscription
서남,서남,3100.0,,subscription
서울바이오시스,서울바이오시스,7500.0,,subscription
세경하이테크,세경하이테크,35000.0,,subscription
세종메디칼,세종메디칼,15000.0,,subscription
세틀뱅크,세틀뱅크,55000.0,,subscription
센코,센코,13000.0,,subscription
센트랄모텍,센트랄모텍(유가),6000.0,,subscription
셀레믹스,셀레믹스,20000.0,,subscription
셀리드,셀리드,33000.0,,subscription
셀리버리,셀리버리,25000.0,,subscription
소룩스,소룩스,10000.0,,subscription
소마젠,소마젠,11000.0,,subscription
솔트룩스,솔트룩스,25000.0,,subscription
수젠텍,수젠텍,12000.0,,subscription
슈프리마아이디,슈프리마아이디,27000.0,,subscription
시스웍,시스웍,2800.0,,subscription
신도기연,신도기연,16000.0,,subscription
신영스팩4호,신영스팩4호,2000.0,,subscription
신영스팩5호,신영스팩5호,2000.0,,subscription
신영스팩6호,신영스팩6호,2000.0,,subscription
신테카바이오,신테카바이오,12000.0,,subscription
신한스팩18호,신한스팩18호,,,subscription
신한스팩5호,신한스팩5호,2000.0,,subscription
신한스팩6호,신한스팩6호,2000.0,,subscription
신한알파리츠,신한알파리츠(유가),5000.0,,subscription
싸이토젠,싸이토젠,17000.0,,subscription
씨앤지하이테크,씨앤지하이테크,16000.0,,subscription
씨에스베어링,씨에스베어링,8400.0,,subscription
아모그린텍,아모그린텍,9900.0,,subscription
아시아나idt,아시아나IDT(유가),15000.0,,subscription
아시아종묘,아시아종묘,4500.0,,subscription
아이디피,아이디피,9800.0,,subscription
아이스크림에듀,아이스크림에듀,15900.0,,subscription
아이큐어,아이큐어,65000.0,,subscription
아이티엠반도체,아이티엠반도체,26000.0,,subscription
아주ib투자,아주IB투자,1500.0,,subscription
아톤,아톤,43000.0,,subscription
알리코제약,알리코제약,12000.0,,subscription
압타머사이언스,압타머사이언스,25000.0,,subscription
압타바이오,압타바이오,30000.0,,subscription
애경산업,애경산업(유가),29100.0,,subscription
액트로,액트로,20000.0,,subscription
앱코,앱코,24300.0,,subscription
에스브이인베스트먼트,에스브이인베스트먼트,7000.0,,subscription
에스씨엠생명과학,에스씨엠생명과학,17000.0,,subscription
에스앤케이,에스앤케이,40400.0,,subscription
에스에스알,에스에스알,9000.0,,subscription
에스제이그룹,에스제이그룹,38600.0,,subscription
에스지이,에스지이,6000.0,,subscription
에스케이스팩5호,에스케이스팩5호,2000.0,,subscription
에스케이스팩6호,에스케이스팩6호,2000.0,,subscription
에스케이에이씨피씨스팩4호,에스케이에이씨피씨스팩4호,2000.0,,subscription
에스퓨얼셀,에스퓨얼셀,16500.0,,subscription
에스피시스템스,에스피시스템스,4900.0,,subscription
에어부산,에어부산(유가),3600.0,,subscription
에이비엘바이오,에이비엘바이오,15000.0,,subscription
에이스토리,에이스토리,14300.0,,subscription
에이에프더블류,에이에프더블류,22500.0,,subscription
에이치엠씨아이비스팩4호,에이치엠씨아이비스팩4호,2000.0,,subscription
에이치엠씨아이비스팩5호,에이치엠씨아이비스팩5호,2000.0,,subscription
에이프로,에이프로,21600.0,,subscription
에이플러스에셋어드바이저,에이플러스에셋어드바이저(유가),7500.0,,subscription
에이피티씨,에이피티씨,9000.0,,subscription
에코마이스터,에코마이스터,5200.0,,subscription
에코캡,에코캡,4200.0,,subscription
에코프로비엠,에코프로비엠,48000.0,,subscription
에프앤가이드,에프앤가이드,7000.0,,subscription
엔바이오니아,엔바이오니아,8200.0,,subscription
엔에이치스팩13호,엔에이치스팩13호,2000.0,,subscription
엔에이치스팩14호,엔에이치스팩14호,2000.0,,subscription
엔에이치스팩15호,엔에이치스팩15호,2000.0,,subscription
엔에이치스팩16호,엔에이치스팩16호,2000.0,,subscription
엔에이치스팩17호,엔에이치스팩17호,2000.0,,subscription
엔에이치프라임리츠,엔에이치프라임리츠(유가),5000.0,,subscription
엔에프씨,엔에프씨,13400.0,,subscription
엔젠바이오,엔젠바이오,14000.0,,subscription
엔지켐생명과학,엔지켐생명과학,56000.0,,subscription
엔피디,엔피디,5400.0,,subscription
엘앤씨바이오,엘앤씨바이오,24000.0,,subscription
엘이티,엘이티,7800.0,,subscription
엠아이텍,엠아이텍,4500.0,,subscription
엠코르셋,엠코르셋,11500.0,,subscription
엠투아이,엠투아이,15600.0,,subscription
영림원소프트랩,영림원소프트랩,11500.0,,subscription
오스테오닉,오스테오닉,7700.0,,subscription
오파스넷,오파스넷,11000.0,,subscription
올리패스,올리패스,20000.0,,subscription
올릭스,올릭스,36000.0,,subscription
옵티팜,옵티팜,10000.0,,subscription
와이팜,와이팜,11000.0,,subscription
우양,우양,4200.0,,subscription
우진아이엔에스,우진아이엔에스(유가),15000.0,,subscription
원방테크,원방테크,54300.0,,subscription
웹케시,웹케시,26000.0,,subscription
위더스제약,위더스제약,15900.0,,subscription
위드텍,위드텍,25000.0,,subscription
위세아이텍,위세아이텍,12000.0,,subscription
위지윅스튜디오,위지윅스튜디오,11000.0,,subscription
윌링스,윌링스,12500.0,,subscription
윙입푸드,윙입푸드,2000.0,,subscription
유안타스팩3호,유안타스팩3호,2000.0,,subscription
유안타스팩4호,유안타스팩4호,2000.0,,subscription
유안타스팩5호,유안타스팩5호,2000.0,,subscription
유안타스팩6호,유안타스팩6호,2000.0,,subscription
유진스팩4호,유진스팩4호,2000.0,,subscription
유진스팩5호,유진스팩5호,2000.0,,subscription
유틸렉스,유틸렉스,50000.0,,subscription
이노메트리,이노메트리,26000.0,,subscription
이노테라피,이노테라피,18000.0,,subscription
이루다,이루다,9000.0,,subscription
이리츠코크렙기업,이리츠코크렙기업(유가),5000.0,,subscription
이베스트스팩5호,이베스트스팩5호,2000.0,,subscription
이베스트이안스팩1호,이베스트이안스팩1호,2000.0,,subscription
이엔드디,이엔드디,14400.0,,subscription
이오플로우,이오플로우,19000.0,,subscription
이원다이애그노믹스,이원다이애그노믹스,6500.0,,subscription
이지스레지던스리츠,이지스레지던스리츠(유가),5000.0,,subscription
이지스밸류플러스리츠,이지스밸류플러스리츠(유가),5000.0,,subscription
이지케어텍,이지케어텍,12300.0,,subscription
인바이오,인바이오,5800.0,,subscription
자이에스앤디,자이에스앤디(유가),5200.0,,subscription
전진바이오팜,전진바이오팜,10000.0,,subscription
제노레이,제노레이,23000.0,,subscription
제놀루션,제놀루션,14000.0,,subscription
제이알글로벌리츠,제이알글로벌리츠(유가),5000.0,,subscription
제이앤티씨,제이앤티씨,11000.0,,subscription
제이엘케이인스펙션,제이엘케이인스펙션,9000.0,,subscription
제이티씨,제이티씨(JTC),8500.0,,subscription
제일전기공업,제일전기공업,17000.0,,subscription
제테마,제테마,21000.0,,subscription
젠큐릭스,젠큐릭스,22700.0,,subscription
지노믹트리,지노믹트리,27000.0,,subscription
지누스,지누스(유가),70000.0,,subscription
지티지웰니스,지티지웰니스,11000.0,,subscription
채비,채비(구.대영채비),,,subscription
천랩,천랩,40000.0,,subscription
천보,천보,40000.0,,subscription
카카오게임즈,카카오게임즈,24000.0,,subscription
카페24,카페24,57000.0,,subscription
캐리소프트,캐리소프트,9000.0,,subscription
컴퍼니케이파트너스,컴퍼니케이파트너스,4500.0,,subscription
케어랩스,케어랩스,20000.0,,subscription
케이비스팩17호,케이비스팩17호,2000.0,,subscription
케이비스팩18호,케이비스팩18호,2000.0,,subscription
케이비스팩19호,케이비스팩19호,2000.0,,subscription
케이비스팩20호,케이비스팩20호,2000.0,,subscription
케이엔제이,케이엔제이,11000.0,,subscription
케이프이에스스팩4호,케이프이에스스팩4호,2000.0,,subscription
켄코아에어로스페이스,켄코아에어로스페이스,10000.0,,subscription
코람코에너지플러스리츠,코람코에너지플러스리츠(유가),5000.0,,subscription
코리아센터,코리아센터,18000.0,,subscription
코리아에셋투자증권,코리아에셋투자증권,10000.0,,subscription
코스모로보틱스,코스모로보틱스(구.엑소아틀레트아시아),,,subscription
코윈테크,코윈테크,34500.0,,subscription
퀀타매트릭스,퀀타매트릭스,25500.0,,subscription
크리스에프앤씨,크리스에프앤씨,30000.0,,subscription
클리노믹스,클리노믹스,13900.0,,subscription
키움스팩5호,키움스팩5호,2000.0,,subscription
키움히어로스팩2호,키움히어로스팩2호,,,subscription
태웅로직스,태웅로직스,4500.0,,subscription
티라유텍,티라유텍,12050.0,,subscription
티로보틱스,티로보틱스,16000.0,,subscription
티앤알바이오팹,티앤알바이오팹,18000.0,,subscription
티앤엘,티앤엘,36000.0,,subscription
티에스아이,티에스아이,10000.0,,subscription
티엘비,티엘비,38000.0,,subscription
티움바이오,티움바이오,12000.0,,subscription
티웨이항공,티웨이항공(유가),12000.0,,subscription
파멥신,파멥신,60000.0,,subscription
파워넷,파워넷,6500.0,,subscription
팜스빌,팜스빌,14000.0,,subscription
펌텍코리아,펌텍코리아,190000.0,,subscription
포인트모바일,포인트모바일,15000.0,,subscription
푸드나무,푸드나무,24000.0,,subscription
플레이디,플레이디,8500.0,,subscription
플리토,플리토,26000.0,,subscription
피엔케이피부임상연구센타,피엔케이피부임상연구센타,18300.0,,subscription
피플바이오,피플바이오,20000.0,,subscription
피피아이,피피아이,7000.0,,subscription
핌스,핌스,19000.0,,subscription
하나금융스팩11호,하나금융스팩11호,2000.0,,subscription
하나금융스팩13호,하나금융스팩13호,2000.0,,subscription
하나금융스팩14호,하나금융스팩14호,2000.0,,subscription
하나금융스팩15호,하나금융스팩15호,2000.0,,subscription
하나금융스팩16호,하나금융스팩16호,2000.0,,subscription
하나기술,하나기술,35000.0,,subscription
하나머스트스팩6호,하나머스트스팩6호,2000.0,,subscription
하나제약,하나제약(유가),26000.0,,subscription
하이브,하이브(구.빅히트)(유가),135000.0,,subscription
하이스팩4호,하이스팩4호,2000.0,,subscription
하이스팩5호,하이스팩5호,2000.0,,subscription
한국바이오젠,한국바이오젠,6000.0,,subscription
한국스팩6호,한국스팩6호,2000.0,,subscription
한국스팩7호,한국스팩7호,2000.0,,subscription
한국스팩8호,한국스팩8호,2000.0,,subscription
한국유니온제약,한국유니온제약,18000.0,,subscription
한국파마,한국파마,9000.0,,subscription
한독크린텍,한독크린텍,15100.0,,subscription
한화시스템,한화시스템(유가),12250.0,,subscription
한화에스비아이스팩,한화에스비아이스팩,2000.0,,subscription
한화플러스스팩1호,한화플러스스팩1호,2000.0,,subscription
현대사료,현대사료,6600.0,,subscription
현대에너지솔루션,현대에너지솔루션(유가),18000.0,,subscription
현대오토에버,현대오토에버(유가),48000.0,,subscription
휴네시온,휴네시온,10000.0,,subscription
